id,c_sti,c_raj,t_sti,name,name_raj
data_ti_sprsti_1,528,1,6,ЯСИНУВАТСЬКА ОБ'ЄДНАНА ДПI (АВДIЇВСЬКЕ ВIД-НЯ),М.АВДIЇВКА
data_ti_sprsti_2,510,10,2,ДПI У М.ДРУЖКIВЦI ГУ МIНДОХОДIВ У ДОНЕЦЬКIЙ ОБЛАСТI,М.ДРУЖКIВКА
data_ti_sprsti_3,511,11,6,ЄНАКIЄВСЬКА ОДПI ГУ МIНДОХОДIВ У ДОНЕЦЬКIЙ ОБЛАСТI,М.ЄНАКIЄВО
data_ti_sprsti_4,527,12,6,ШАХТАРСЬКА ОБ'ЄДНАНА ДПI (М.ЖДАНIВКА),М.ЖДАНIВКА
data_ti_sprsti_5,527,13,6,ШАХТАРСЬКА ОБ'ЄДНАНА ДПI (КIРОВСЬКЕ ВIД-НЯ),М.КIРОВСЬКЕ
data_ti_sprsti_6,514,14,6,КОСТЯНТИНIВСЬКА ОДПI ГУ МIНДОХОДIВ У ДОНЕЦЬКIЙ ОБЛАСТI,М.КОСТЯНТИНIВКА
data_ti_sprsti_7,515,15,2,ДПI У М.КРАМАТОРСЬКУ ГУ МIНДОХОДIВ У ДОНЕЦЬКIЙ ОБЛАСТI,М.КРАМАТОРСЬК
data_ti_sprsti_8,516,16,6,КРАСНОАРМIЙСЬКА ОДПI ГУ МIНДОХОДIВ У ДОНЕЦЬКIЙ ОБЛАСТI,М.КРАСНОАРМIЙСЬК
data_ti_sprsti_9,522,17,6,СЛОВ'ЯНСЬКА ОДПI ГУ МД У ДОН.ОБЛ(КРАСНОЛИМАНСЬКЕ ВIД-Н,М.КРАСНИЙ ЛИМАН
data_ti_sprsti_10,518,18,6,МАКIЇВСЬКА ОДПI ГУ МIНДОХОДIВ У ДОНЕЦЬКIЙ ОБЛАСТI,М.МАКIЇВКА
data_ti_sprsti_11,519,19,6,МАРIУПОЛЬСЬКА ОДПI ГУ МIНДОХОДIВ У ДОНЕЦЬКIЙ ОБЛАСТI,М.МАРIУПОЛЬ
data_ti_sprsti_12,502,2,6,АРТЕМIВСЬКА ОДПI ГУ МIНДОХОДIВ У ДОНЕЦЬКIЙ ОБЛАСТI,М.АРТЕМIВСЬК
data_ti_sprsti_13,516,20,6,КРАСНОАРМIЙСЬКА ОБ'ЄДНАНА ДПI (М.НОВОГРОДIВКА),М.НОВОГРОДIВКА
data_ti_sprsti_14,516,21,6,КРАСНОАРМIЙСЬКА ОБ'ЄДНАНА ДПI (СЕЛIДIВСЬКЕ ВIД-НЯ),М.СЕЛИДОВЕ
data_ti_sprsti_15,522,22,6,СЛОВ'ЯНСЬКА ОДПI ГУ МIНДОХОДIВ У ДОНЕЦЬКIЙ ОБЛАСТI,М.СЛОВ'ЯНСЬК
data_ti_sprsti_16,524,23,6,ТОРЕЗЬКА ОБ'ЄДНАНА ДПI (СНIЖНЯНСЬКЕ ВIД-НЯ),М.СНIЖНЕ
data_ti_sprsti_17,524,24,6,ТОРЕЗЬКА ОДПI ГУ МIНДОХОДIВ У ДОНЕЦЬКIЙ ОБЛАСТI,М.ТОРЕЗ
data_ti_sprsti_18,538,25,6,МАР'ЇНСЬКА ОБ'ЄДНАНА ДПI (ВУГЛЕДАРСЬКЕ ВIД-НЯ),М.ВУГЛЕДАР
data_ti_sprsti_19,526,26,2,ДПI У М.ХАРЦИЗЬКУ ГУ МIНДОХОДIВ У ДОНЕЦЬКIЙ ОБЛАСТI,М.ХАРЦИЗЬК
data_ti_sprsti_20,527,27,6,ШАХТАРСЬКА ОДПI ГУ МIНДОХОДIВ У ДОНЕЦЬКIЙ ОБЛАСТI,М.ШАХТАРСЬК
data_ti_sprsti_21,528,28,6,ЯСИНУВАТСЬКА ОДПI ГУ МIНДОХОДIВ У ДОНЕЦЬКIЙ ОБЛАСТI,М.ЯСИНУВАТА
data_ti_sprsti_22,507,29,6,ДОБРОПIЛЬСЬКА ОБ'ЄДНАНА ДПI (ОЛЕКСАНДРIВСЬКЕ ВIД-НЯ),ОЛЕКСАНДРIВСЬКИЙ Р-Н
data_ti_sprsti_23,503,3,6,ГОРЛIВСЬКА ОДПI ГУ МIНДОХОДIВ У ДОНЕЦЬКIЙ ОБЛАСТI,М.ГОРЛIВКА
data_ti_sprsti_24,530,30,2,ДПI У АМВРОСIЇВСЬКОМУ Р-НI ГУ МIНДОХОДIВ У ДОНЕЦЬКIЙ О,АМВРОСIЇВСЬКИЙ Р-Н
data_ti_sprsti_25,502,31,6,АРТЕМIВСЬКА ОБ'ЄДНАНА ДПI (АРТЕМIВСЬКИЙ Р-Н),АРТЕМIВСЬКИЙ Р-Н
data_ti_sprsti_26,538,32,6,МАР'ЇНСЬКА ОБ'ЄДНАНА ДПI (ВЕЛИКОНОВОСIЛКIВСЬКЕ ВIД-НЯ),ВЕЛИКОНОВОСIЛКIВСЬКИЙ Р-Н
data_ti_sprsti_27,533,33,2,ДПI У ВОЛНОВАСЬКОМУ Р-НI ГУ МIНДОХОДIВ У ДОНЕЦЬКIЙ ОБЛ,ВОЛНОВАСЬКИЙ Р-Н
data_ti_sprsti_28,540,34,6,МАНГУСЬКА ОБ'ЄДНАНА ДПI (ВОЛОДАРСЬКЕ ВIД-НЯ),ВОЛОДАРСЬКИЙ Р-Н
data_ti_sprsti_29,507,35,6,ДОБРОПIЛЬСЬКА ОБ'ЄДНАНА ДПI (ДОБРОПIЛЬСЬКИЙ Р-Н),ДОБРОПIЛЬСЬКИЙ Р-Н
data_ti_sprsti_30,514,36,6,КОСТЯНТИНIВСЬКА ОБ'ЄДНАНА ДПI (КОСТЯНТИНIВСЬКИЙ Р-Н),КОСТЯНТИНIВСЬКИЙ Р-Н
data_ti_sprsti_31,516,37,6,КРАСНОАРМIЙСЬКА ОБ'ЄДНАНА ДПI (КРАСНОАРМIЙСЬКИЙ Р-Н),КРАСНОАРМIЙСЬКИЙ Р-Н
data_ti_sprsti_32,538,38,6,МАР'ЇНСЬКА ОДПI ГУ МIНДОХОДIВ У ДОНЕЦЬКIЙ ОБЛАСТI,МАР'ЇНСЬКИЙ Р-Н
data_ti_sprsti_33,539,39,6,НОВОАЗОВСЬКА ОДПI ГУ МIНДОХОДIВ У ДОНЕЦЬКIЙ ОБЛАСТI,НОВОАЗОВСЬКИЙ Р-Н
data_ti_sprsti_34,511,4,6,ЄНАКIЄВСЬКА ОБ'ЄДНАНА ДПI (ДЕБАЛЬЦЕВСЬКЕ ВIД-НЯ),М.ДЕБАЛЬЦЕВЕ
data_ti_sprsti_35,540,40,6,МАНГУСЬКА ОДПI ГУ МIНДОХОДIВ У ДОНЕЦЬКIЙ ОБЛАСТI,ПЕРШОТРАВНЕВИЙ Р-Н
data_ti_sprsti_36,522,41,6,СЛОВ'ЯНСЬКА ОБ'ЄДНАНА ДПI (СЛОВ'ЯНСЬКИЙ Р-Н),СЛОВ'ЯНСЬКИЙ Р-Н
data_ti_sprsti_37,542,42,2,ДПI У СТАРОБЕШIВСЬКОМУ Р-НI ГУ МIНДОХОДIВ У ДОН. ОБЛ.,СТАРОБЄШЕВСЬКИЙ Р-Н
data_ti_sprsti_38,539,43,6,НОВОАЗОВСЬКА ОБ'ЄДНАНА ДПI (ТЕЛЬМАНIВСЬКЕ ВIД-НЯ),ТЕЛЬМАНIВСЬКИЙ Р-Н
data_ti_sprsti_39,527,44,6,ШАХТАРСЬКА ОБ'ЄДНАНА ДПI (ШАХТАРСЬКИЙ Р-Н),ШАХТАРСЬКИЙ Р-Н
data_ti_sprsti_40,528,45,6,ЯСИНУВАТСЬКА ОБ'ЄДНАНА ДПI (ЯСИНУВАТСЬКИЙ Р-Н),ЯСИНУВАТСЬКИЙ Р-Н
data_ti_sprsti_41,503,5,6,ГОРЛIВСЬКА ОБ'ЄДНАНА ДПI (ДЗЕРЖИНСЬКЕ ВIД-НЯ),М.ДЗЕРЖИНСЬК
data_ti_sprsti_42,522,50,6,СЛОВ'ЯНСЬКА ОБ'ЄДНАНА ДПI,КРАСНОЛИМАНСЬКИЙ Р-Н
data_ti_sprsti_43,516,6,6,КРАСНОАРМIЙСЬКА ОБ'ЄДНАНА ДПI (ДИМИТРIВСЬКЕ ВIД-НЯ),М.ДИМИТРОВ
data_ti_sprsti_44,561,61,2,ДПI У БУДЬОНIВСЬКОМУ Р-НI М.ДОНЕЦЬКА ГУ МIНДОХ У ДОН.О,БУДЬОНIВСЬКИЙ Р-Н М.ДОНЕЦЬК
data_ti_sprsti_45,562,62,2,ДПI У ВОРОШИЛОВСЬКОМУ Р-I М.ДОНЕЦЬКА ГУ МIНДОХ У ДОН.О,ВОРОШИЛОВСЬКИЙ Р-Н М.ДОНЕЦЬК
data_ti_sprsti_46,563,63,2,ДПI У КАЛIНIНСЬКОМУ Р-НI М.ДОНЕЦЬКА ГУ МIНДОХ У ДОН.ОБ,КАЛIНIНСЬКИЙ Р-Н М.ДОНЕЦЬК
data_ti_sprsti_47,564,64,2,ДПI У КИЇВСЬКОМУ Р-НI М.ДОНЕЦЬКА ГУ МIНДОХОДIВ У ДОН.О,КИЇВСЬКИЙ Р-Н М.ДОНЕЦЬК
data_ti_sprsti_48,565,65,2,ДПI У КIРОВСЬКОМУ Р-НI М.ДОНЕЦЬКА ГУ МIНДОХОДIВ У ДОН.,КIРОВСЬКИЙ Р-Н М.ДОНЕЦЬК
data_ti_sprsti_49,566,66,2,ДПI У КУЙБИШЕВСЬКОМУ Р-НI М.ДОНЕЦЬКА ГУ МIНДОХ У ДОН.О,КУЙБИШЕВСЬКИЙ Р-Н М.ДОНЕЦЬК
data_ti_sprsti_50,567,67,2,ДПI У ЛЕНIНСЬКОМУ Р-НI М.ДОНЕЦЬКА ГУ МIНДОХ У ДОН.ОБЛ,ЛЕНIНСЬКИЙ Р-Н М.ДОНЕЦЬК
data_ti_sprsti_51,568,68,2,ДПI У ПЕТРОВСЬКОМУ Р-НI М.ДОНЕЦЬКА ГУ МIНДОХ У ДОН.ОБЛ,ПЕТРОВСЬКИЙ Р-Н М.ДОНЕЦЬК
data_ti_sprsti_52,569,69,2,ДПI У ПРОЛЕТАРСЬКОМУ Р-НI М.ДОНЕЦЬКА ГУ МIНДОХ У ДОН О,ПРОЛЕТАРСЬКИЙ Р-Н М.ДОНЕЦЬК
data_ti_sprsti_53,507,7,6,ДОБРОПIЛЬСЬКА ОДПI ГУ МIНДОХОДIВ У ДОНЕЦЬКIЙ ОБЛАСТI,М.ДОБРОПIЛЛЯ
data_ti_sprsti_54,599,70,14,СХIДНА МИТНИЦЯ МIНДОХОДIВ,КИЇВСЬКИЙ Р-Н М.ДОНЕЦЬК
data_ti_sprsti_55,503,71,6,ГОРЛIВСЬКА ОБ'ЄДНАНА ДПI (ЦЕНТРАЛЬНО-МIСЬКЕ ВIД-НЯ),ЦЕНТРАЛЬНО-МIСЬКИЙ Р-Н М.ГОРЛIВКА
data_ti_sprsti_56,503,72,6,ГОРЛIВСЬКА ОБ'ЄДНАНА ДПI (КАЛIНIНСЬКЕ ВIД-НЯ),КАЛIНIНСЬКИЙ Р-Н М.ГОРЛIВКА
data_ti_sprsti_57,503,73,6,ГОРЛIВСЬКА ОБ'ЄДНАНА ДПI (МИКИТIВСЬКЕ ВIД-НЯ),МИКИТОВСЬКИЙ Р-Н М.ГОРЛIВКА
data_ti_sprsti_58,508,8,2,ДПI У М.ДОКУЧАЄВСЬКУ ГУ МIНДОХОДIВ У ДОНЕЦЬКIЙ ОБЛАСТI,М.ДОКУЧАЄВСЬК
data_ti_sprsti_59,581,81,6,ЖОВТНЕВА ОДПI М.МАРIУПОЛЯ ГУ МIНДОХОДIВ У ДОНЕЦЬКIЙ ОБ,ЖОВТНЕВИЙ Р-Н М.МАРIУПОЛЬ
data_ti_sprsti_60,519,82,6,МАРIУПОЛЬСЬКА ОБ'ЄДНАНА ДПI (IЛЛIЧIВСЬКЕ ВIД-НЯ),IЛЛIЧIВСЬКИЙ Р-Н М.МАРIУПОЛЬ
data_ti_sprsti_61,519,83,6,МАРIУПОЛЬСЬКА ОБ'ЄДНАНА ДПI (ОРДЖОНIКIДЗЕВСЬКЕ ВIД-НЯ),ОРДЖОНIКIДЗЕВСЬКИЙ Р-Н М.МАРIУПОЛЬ
data_ti_sprsti_62,581,84,6,ЖОВТНЕВА ОБ'ЄДНАНА ДПI М.МАРIУПОЛЯ (ПРИМОРСЬКЕ ВIД-НЯ),ПРИМОРСЬКИЙ Р-Н М.МАРIУПОЛЬ
data_ti_sprsti_63,509,9,8,СДПI ПО РОБОТI З ВПП У М.ДОНЕЦЬКУ ДПС,М.ДОНЕЦЬК
data_ti_sprsti_64,518,91,6,МАКIЇВСЬКА ОБ'ЄДНАНА ДПI (ЦЕНТРАЛЬНО-МIСЬКЕ ВIД-НЯ),ЦЕНТРАЛЬНО-МIСЬКИЙ Р-Н М.МАКIЇВКА
data_ti_sprsti_65,518,92,6,МАКIЇВСЬКА ОБ'ЄДНАНА ДПI (ЧЕРВОНОГВАРДIЙСЬКЕ ВIД-НЯ),ЧЕРВОНОГВАРДIЙСЬКИЙ Р-Н М.МАКIЇВКА
data_ti_sprsti_66,518,93,6,МАКIЇВСЬКА ОБ'ЄДНАНА ДПI (КIРОВСЬКЕ ВIД-НЯ),КIРОВСЬКИЙ Р-Н М.МАКIЇВКА
data_ti_sprsti_67,518,94,6,МАКIЇВСЬКА ОБ'ЄДНАНА ДПI (СОВЄТСЬКЕ ВIД-НЯ),СОВЄТСЬКИЙ Р-Н М.МАКIЇВКА
data_ti_sprsti_68,518,95,6,МАКIЇВСЬКА ОБ'ЄДНАНА ДПI (ГIРНИЦЬКЕ ВIД-НЯ),ГIРНИЦЬКИЙ Р-Н М.МАКIЇВКА
data_ti_sprsti_69,548,97,12,ОПЕРАТИВНЕ УПРАВЛIННЯ ГУ МIНДОХОДIВ У ДОНЕЦЬКIЙ ОБЛ.,ДОНЕЦЬКА ОБЛАСТЬ
data_ti_sprsti_70,549,98,10,РУ ДЕПАРТАМЕНТУ САТ ДПС УКРАЇНИ У ДОНЕЦЬКIЙ ОБЛАСТI,ДОНЕЦЬКА ОБЛАСТЬ
data_ti_sprsti_71,599,99,1,ГУ МIНДОХОДIВ У ДОНЕЦЬКIЙ ОБЛАСТI,ДОНЕЦЬКА ОБЛАСТЬ
data_ti_sprsti_72,601,1,6,АНДРУШIВСЬКА ОБ'ЄДНАНА ДПI ГУ МIНДОХОДIВ,АНДРУШIВСЬКИЙ Р-Н
data_ti_sprsti_73,610,10,6,КОРОСТИШIВСЬКА ОБ'ЄДНАНА ДПI ГУ МIНДОХОДIВ,КОРОСТИШIВСЬКИЙ Р-Н
data_ti_sprsti_74,611,11,6,ЛУГИНСЬКА ОБ'ЄДНАНА ДПI ГУ МIНДОХОДIВ,ЛУГИНСЬКИЙ Р-Н
data_ti_sprsti_75,623,12,6,ЛЮБАРСЬКЕ ВIДДIЛЕННЯ ЧУДНIВСЬКОЇ ОДПI,ЛЮБАРСЬКИЙ Р-Н
data_ti_sprsti_76,613,13,6,МАЛИНСЬКА ОБ'ЄДНАНА ДПI ГУ МIНДОХОДIВ,МАЛИНСЬКИЙ Р-Н
data_ti_sprsti_77,616,14,6,НАРОДИЦЬКЕ ВIДДIЛЕННЯ ОВРУЦЬКОЇ ОДПI,НАРОДИЦЬКИЙ Р-Н
data_ti_sprsti_78,615,15,6,НОВОГРАД-ВОЛИНСЬКА ОБ'ЄДНАНА ДПI ГУ МIНДОХОДIВ,НОВОГРАД-ВОЛИНСЬКИЙ Р-Н
data_ti_sprsti_79,616,16,6,ОВРУЦЬКА ОБ'ЄДНАНА ДПI ГУ МIНДОХОДIВ,ОВРУЦЬКИЙ Р-Н
data_ti_sprsti_80,611,17,6,ОЛЕВСЬКЕ ВIДДIЛЕННЯ ЛУГИНСЬКОЇ ОДПI,ОЛЕВСЬКИЙ Р-Н
data_ti_sprsti_81,601,18,6,ПОПIЛЬНЯНСЬКЕ ВIДДIЛЕННЯ АНДРУШIВСЬКОЇ ОДПI,ПОПIЛЬНЯНСЬКИЙ Р-Н
data_ti_sprsti_82,613,19,6,РАДОМИШЛЬСЬКЕ ВIДДIЛЕННЯ МАЛИНСЬКОЇ ОДПI,РАДОМИШЛЬСЬКИЙ Р-Н
data_ti_sprsti_83,615,2,6,БАРАНIВСЬКЕ ВIДДIЛЕННЯ НОВОГРАД-ВОЛИНСЬКОЇ ОДПI,БАРАНIВСЬКИЙ Р-Н
data_ti_sprsti_84,601,20,6,РУЖИНСЬКЕ ВIДДIЛЕННЯ АНДРУШIВСЬКОЇ ОДПI,РУЖИНСЬКИЙ Р-Н
data_ti_sprsti_85,605,21,6,ЧЕРВОНОАРМIЙСЬКЕ ВIДДIЛЕН. ВОЛОДАРСЬКО-ВОЛИНСЬКОЇ ОДПI,ЧЕРВОНОАРМIЙСЬКИЙ Р-Н
data_ti_sprsti_86,605,22,6,ЧЕРНЯХIВСЬКЕ ВIДДIЛЕННЯ ВОЛОДАРСЬКО-ВОЛИНСЬКОЇ ОДПI,ЧЕРНЯХIВСЬКИЙ Р-Н
data_ti_sprsti_87,623,23,6,ЧУДНIВСЬКА ОБ'ЄДНАНА ДПI ГУ МIНДОХОДIВ,ЧУДНIВСЬКИЙ Р-Н
data_ti_sprsti_88,603,24,6,БЕРДИЧIВСЬКА ОБ'ЄДНАНА ДПI (М.БЕРДИЧIВ),М.БЕРДИЧIВ
data_ti_sprsti_89,625,25,6,ЖИТОМИРСЬКА ОБ'ЄДНАНА ДПI ГУ МIНДОХОДIВ,М.ЖИТОМИР
data_ti_sprsti_90,609,26,6,КОРОСТЕНСЬКА ОБ'ЄДНАНА ДПI (М.КОРОСТЕНЬ),М.КОРОСТЕНЬ
data_ti_sprsti_91,615,27,6,НОВОГРАД-ВОЛИНСЬКА ОБ'ЄДНАНА ДПI (М.НОВОГРАД-ВОЛ),М.НОВОГРАД-ВОЛИНСЬКИЙ
data_ti_sprsti_92,625,28,2,ДПI У М. ЖИТОМИР,БОГУНСЬКИЙ Р-Н М.ЖИТОМИР
data_ti_sprsti_93,625,29,2,ДПI У М. ЖИТОМИР,КОРОЛЬОВСЬКИЙ Р-Н М.ЖИТОМИР
data_ti_sprsti_94,603,3,6,БЕРДИЧIВСЬКА ОБ'ЄДНАНА ДПI ГУ МIНДОХОДIВ,БЕРДИЧIВСЬКИЙ Р-Н
data_ti_sprsti_95,630,30,1,ГУ МIНДОХОДIВ У ЖИТОМИРСЬКIЙ ОБЛАСТI,ЖИТОМИРСЬКА ОБЛАСТЬ
data_ti_sprsti_96,610,4,6,БРУСИЛIВСЬКЕ ВIДДIЛЕННЯ КОРОСТИШIВСЬКОЇ ОДПI,БРУСИЛIВСЬКИЙ Р-Н
data_ti_sprsti_97,605,5,6,ВОЛОДАРСЬКО-ВОЛИНСЬКА ОБ'ЄДНАНА ДПI ГУ МIНДОХОДIВ,ВОЛОДАРСЬКО-ВОЛИНСЬКИЙ Р-Н
data_ti_sprsti_98,613,50,6,МАЛИНСЬКА ОБ'ЄДНАНА ДПI (М.МАЛИН),М.МАЛИН
data_ti_sprsti_99,615,6,6,РОМАНIВСЬКЕ ВIДДIЛЕННЯ НОВОГРАД-ВОЛИНСЬКОЇ ОДПI,РОМАНIВСЬКИЙ Р-Н
data_ti_sprsti_100,615,7,6,ЄМIЛЬЧИНСЬКЕ ВIДДIЛЕННЯ НОВОГРАД-ВОЛИНСЬКОЇ ОДПI,ЄМIЛЬЧИНСЬКИЙ Р-Н
data_ti_sprsti_101,699,70,14,ЖИТОМИРСЬКА МИТНИЦЯ ДФС,ЖИТОМИРСЬКА ОБЛАСТЬ
data_ti_sprsti_102,625,8,6,ЖИТОМИРСЬКА ОБ'ЄДНАНА ДПI (ЖИТОМИРСЬКИЙ РАЙОН),ЖИТОМИРСЬКИЙ Р-Н
data_ti_sprsti_103,609,9,6,КОРОСТЕНСЬКА ОБ'ЄДНАНА ДПI ГУ МIНДОХОДIВ,КОРОСТЕНСЬКИЙ Р-Н
data_ti_sprsti_104,648,97,12,УПРАВЛIННЯ ПОДАТКОВОЇ МIЛIЦIЇ В ЖИТОМИРСЬКIЙ,ЖИТОМИРСЬКА ОБЛАСТЬ
data_ti_sprsti_105,649,98,10,РУ ДЕПАРТАМЕНТУ САТ ДПА УКРАЇНИ В ЖИТОМ. ОБЛ,ЖИТОМИРСЬКА ОБЛАСТЬ
data_ti_sprsti_106,701,1,2,ДПI У М.УЖГОРОДI ГУ МIНДОХОДIВ У ЗАКАРПАТСЬКIЙ ОБЛАСТI,М.УЖГОРОД
data_ti_sprsti_107,714,10,6,УЖГОРОДСЬКА ОДПI ГУ МIНДОХОДIВ (ПЕРЕЧИНСЬКЕ ВIД-НЯ),ПЕРЕЧИНСЬКИЙ Р-Н
data_ti_sprsti_108,711,11,2,ДПI У РАХIВСЬКОМУ Р-НI ГУ МIНДОХОДIВ У ЗАКАРПАТСЬКIЙ О,РАХIВСЬКИЙ Р-Н
data_ti_sprsti_109,712,12,6,СВАЛЯВСЬКА  ОДПI ГУ МIНДОХОДIВ У ЗАКАРПАТСЬКIЙ ОБЛАСТI,СВАЛЯВСЬКИЙ Р-Н
data_ti_sprsti_110,713,13,2,ДПI У ТЯЧIВСЬКОМУ Р-НI ГУ МIНДОХОДIВ У ЗАКАРПАТСЬКIЙ О,ТЯЧIВСЬКИЙ Р-Н
data_ti_sprsti_111,714,14,6,УЖГОРОДСЬКА ОДПI ГУ МIНДОХОДIВ У ЗАКАРПАТСЬКIЙ ОБЛАСТI,УЖГОРОДСЬКИЙ Р-Н
data_ti_sprsti_112,715,15,6,ХУСТСЬКА ОДПI  ГУ МIНДОХОДIВ У ЗАКАРПАТСЬКIЙ ОБЛАСТI,ХУСТСЬКИЙ Р-Н
data_ti_sprsti_113,716,16,1,ГУ МIНДОХОДIВ У ЗАКАРПАТСЬКIЙ ОБЛАСТI,ЗАКАРПАТСЬКА ОБЛАСТЬ
data_ti_sprsti_114,715,17,6,ХУСТСЬКА ОБ'ЄДНАНА ДПI (М.ХУСТ),М.ХУСТ
data_ti_sprsti_115,703,18,6,БЕРЕГIВСЬКА ОБ'ЄДНАНА ДПI (М.БЕРЕГОВО),М.БЕРЕГОВО
data_ti_sprsti_116,709,2,6,МУКАЧIВСЬКА ОБ'ЄДНАНА ДПI (М.МУКАЧЕВО),М.МУКАЧЕВО
data_ti_sprsti_117,703,3,6,БЕРЕГIВСЬКА  ОДПI ГУ МIНДОХОДIВ У ЗАКАРПАТСЬКIЙ ОБЛАСТ,БЕРЕГIВСЬКИЙ Р-Н
data_ti_sprsti_118,714,4,6,УЖГОРОДСЬКА ОДПI ГУ МIНДОХОДIВ (ВЕЛИКОБЕРЕЗНЯНСЬКЕ ВIД,ВЕЛИКОБЕРЕЗНЯНСЬКИЙ Р-Н
data_ti_sprsti_119,705,5,2,ДПI У ВИНОГРАДIВСЬКОМУ Р-НI ГУ МIНДОХОДIВ У ЗАКАРПАТСЬ,ВИНОГРАДIВСЬКИЙ Р-Н
data_ti_sprsti_120,714,51,6,УЖГОРОДСЬКА ОДПI (М.ЧОП),М.ЧОП
data_ti_sprsti_121,712,6,6,СВАЛЯВСЬКА ОДПI ГУ МIНДОХОДIВ (ВОЛОВЕЦЬКЕ ВIД-НЯ),ВОЛОВЕЦЬКИЙ Р-Н
data_ti_sprsti_122,707,7,2,ДПI В IРШАВСЬКОМУ Р-НI ГУ МIНДОХОДIВ У ЗАКАРПАТСЬКIЙ О,IРШАВСЬКИЙ Р-Н
data_ti_sprsti_123,799,70,14,ЧОПСЬКА МИТНИЦЯ МIНДОХОДIВ,М.ЧОП
data_ti_sprsti_124,708,8,2,ДПI У МIЖГIРСЬКОМУ РАЙОНI ГУ МIНДОХОДIВ У ЗАКАРПАТСЬКI,МIЖГIРСЬКИЙ Р-Н
data_ti_sprsti_125,709,9,6,МУКАЧIВСЬКА ОДПI ГУ МIНДОХОДIВ У ЗАКАРПАТСЬКIЙ ОБЛАСТI,МУКАЧIВСЬКИЙ Р-Н
data_ti_sprsti_126,748,97,12,УПРАВЛIННЯ ПОДАТКОВОЇ МIЛIЦIЇ У ЗАКАРПАТСЬКIЙ ОБЛАСТI,ЗАКАРПАТСЬКА ОБЛАСТЬ
data_ti_sprsti_127,749,98,10,РУ ДЕПАРТАМЕНТУ САТ ДПС УКРАЇНИ В ЗАКАРП. ОБЛ.,ЗАКАРПАТСЬКА ОБЛАСТЬ
data_ti_sprsti_128,801,1,1,ГУ ДФС У ЗАПОРIЗЬКIЙ ОБЛАСТI,ЗАПОРIЗЬКА ОБЛАСТЬ
data_ti_sprsti_129,815,10,6,ПОЛОГIВСЬКА ОДПI ГУ МIНДОХОДIВ КУЙБИШЕВСЬКЕ ВIД.,КУЙБИШЕВСЬКИЙ РАЙОН
data_ti_sprsti_130,832,11,6,МЕЛIТОПОЛЬСЬКА ОДПI ГУ МIНДОХОДIВ (МЕЛIТОПОЛЬСЬКИИЙ Р),МЕЛIТОПОЛЬСЬКИЙ РАЙОН
data_ti_sprsti_131,833,12,6,ТОКМАЦЬКА ОДПI ГУ МIНДОХОДIВ МИХАЙЛIВСЬКЕ ВIДДIЛЕННЯ,МИХАЙЛIВСЬКИЙ РАЙОН
data_ti_sprsti_132,806,13,6,ВIЛЬНЯНСЬКА OДПI ГУ МIНДОХОДIВ НОВОМИКОЛАЇВСЬКЕ ВIД.,НОВОМИКОЛАЇВСЬКИЙ РАЙОН
data_ti_sprsti_133,815,14,6,ПОЛОГIВСЬКА ОДПI ГУ МIНДОХОДIВ ОРIХIВСЬКЕ ВIДДIЛЕННЯ,ОРIХIВСЬКИЙ РАЙОН
data_ti_sprsti_134,815,15,6,ПОЛОГIВСЬКА ОДПI ГУ МIНДОХОДIВ У ЗАПОРIЗЬКIЙ ОБЛАСТI,ПОЛОГIВСЬКИЙ РАЙОН
data_ti_sprsti_135,817,16,6,ПРИМОРСЬКА ОДПI ГУ МIНДОХОДIВ ПРИАЗОВСЬКЕ ВIДДIЛЕННЯ,ПРИАЗОВСЬКИЙ РАЙОН
data_ti_sprsti_136,817,17,6,ПРИМОРСЬКА ОДПI ГУ МIНДОХОДIВ У ЗАПОРIЗЬКIЙ ОБЛАСТI,ПРИМОРСЬКИЙ РАЙОН
data_ti_sprsti_137,815,18,6,ПОЛОГIВСЬКА ОДПI ГУ МIНДОХОДIВ РОЗIВСЬКЕ ВIДДIЛЕННЯ,РОЗIВСЬКИЙ РАЙОН
data_ti_sprsti_138,833,19,6,ТОКМАЦЬКА ОДПI ГУ МIНДОХОДIВ (ТОКМАЦЬКИЙ РАЙОН),ТОКМАЦЬКИЙ РАЙОН
data_ti_sprsti_139,822,2,6,БЕРДЯНСЬКА ОДПI ГУ МIНДОХОДIВ (БЕРДЯНСЬКИЙ РАЙОН),БЕРДЯНСЬКИЙ РАЙОН
data_ti_sprsti_140,833,20,6,ТОКМАЦЬКА ОДПI ГУ МIНДОХОДIВ ЧЕРНIГIВСЬКЕ ВIДДIЛЕННЯ,ЧЕРНIГIВСЬКИЙ РАЙОН
data_ti_sprsti_141,832,21,6,МЕЛIТОПОЛЬСЬКА ОДПI ГУ МIНДОХОДIВ ЯКИМIВСЬКЕ ВIД.,ЯКИМIВСЬКИЙ РАЙОН
data_ti_sprsti_142,822,22,6,БЕРДЯНСЬКА ОДПI ГУ МIНДОХОДIВ У ЗАПОРIЗЬКIЙ ОБЛАСТI,М. БЕРДЯНСЬК
data_ti_sprsti_143,823,23,6,ЕНЕРГОДАРСЬКА ОДПI ГУ МIНДОХОДIВ У ЗАПОРIЗЬКIЙ ОБЛАСТI,М.ЕНЕРГОДАР
data_ti_sprsti_144,824,24,8,СДПI ПО РОБОТI З ВПП У М.ЗАПОРIЖЖI  ДПС,М.ЗАПОРIЖЖЯ
data_ti_sprsti_145,825,25,2,ДПI У ЗАВОДСЬКОМУ Р-НI М.ЗАПОРIЖЖЯ ГУ МIНДОХОДIВ У ЗАП,ЗАВОДСЬКИЙ Р-Н М.ЗАПОРIЖЖЯ
data_ti_sprsti_146,826,26,2,ДПI У ЖОВТНЕВОМУ Р-НI М.ЗАПОРIЖЖЯ ГУ МIНДОХОДIВ У ЗАП,ЖОВТНЕВИЙ РАЙОН М.ЗАПОРIЖЖЯ
data_ti_sprsti_147,827,27,2,ДПI У КОМУНАРСЬКОМУ Р-НI М.ЗАПОРIЖЖЯ ГУ МIНДОХОДIВ У З,КОМУНАРСЬКИЙ РАЙОН М.ЗАПОРIЖЖЯ
data_ti_sprsti_148,828,28,2,ДПI У ЛЕНIНСЬКОМУ Р-НI М.ЗАПОРIЖЖЯ ГУ МIНДОХОДIВ У ЗАП,ЛЕНIНСЬКИЙ РАЙОН М.ЗАПОРIЖЖЯ
data_ti_sprsti_149,829,29,2,ДПI В ОРДЖОНIКIДЗЕВСЬКОМУ Р-НI М.ЗАПОРIЖЖЯ ГУ МIНДОХОД,ОРДЖОНIКIДЗЕВСЬКИЙ РАЙОН М.ЗАПОРIЖЖЯ
data_ti_sprsti_150,833,3,6,ТОКМАЦЬКА ОДПI ГУ МIНДОХОДIВ ВАСИЛIВСЬКЕ ВIДДIЛЕННЯ,ВАСИЛIВСЬКИЙ РАЙОН
data_ti_sprsti_151,830,30,2,ДПI У ШЕВЧЕНКIВСЬКОМУ Р-НI М.ЗАПОРIЖЖЯ ГУ МIНДОХОДIВ,ШЕВЧЕНКIВСЬКИЙ РАЙОН М.ЗАПОРIЖЖЯ
data_ti_sprsti_152,831,31,2,ДПI У ХОРТИЦЬКОМУ Р-НI М.ЗАПОРIЖЖЯ ГУ МIНДОХОДIВ У ЗАП,ХОРТИЦЬКИЙ РАЙОН М.ЗАПОРIЖЖЯ
data_ti_sprsti_153,832,32,6,МЕЛIТОПОЛЬСЬКА ОДПI ГУ МIНДОХОДIВ У ЗАПОРIЗЬКIЙ ОБЛ.,М.МЕЛIТОПОЛЬ
data_ti_sprsti_154,833,33,6,ТОКМАЦЬКА ОДПI ГУ МIНДОХОДIВ У ЗАПОРIЗЬКIЙ ОБЛАСТI,М.ТОКМАК
data_ti_sprsti_155,823,4,6,ЕНЕРГОДАРСЬКА ОДПI ГУ МIНДОХОДIВ ВЕЛИКОБIЛОЗЕРСЬКЕ ВIД,ВЕЛИКОБIЛОЗЕРСЬКИЙ РАЙОН
data_ti_sprsti_156,832,5,6,МЕЛIТОПОЛЬСЬКА ОДПI ГУ МIНДОХОДIВ ВЕСЕЛIВСЬКЕ ВIД.,ВЕСЕЛIВСЬКИЙ РАЙОН
data_ti_sprsti_157,806,6,6,ВIЛЬНЯНСЬКА OДПI ГУ МIНДОХОДIВ У ЗАПОРIЗЬКIЙ ОБЛАСТI,ВIЛЬНЯНСЬКИЙ РАЙОН
data_ti_sprsti_158,815,7,6,ПОЛОГIВСЬКА ОДПI ГУ МIНДОХОДIВ ГУЛЯЙПIЛЬСЬКЕ ВIД.,ГУЛЯЙПIЛЬСЬКИЙ РАЙОН
data_ti_sprsti_159,899,70,14,ЗАПОРIЗЬКА МИТНИЦЯ ДФС,ЛЕНIНСЬКИЙ РАЙОН М.ЗАПОРIЖЖЯ
data_ti_sprsti_160,808,8,2,ДПI У ЗАПОРIЗЬКОМУ Р-НI ГУ МIНДОХОДIВ У ЗАПОРIЗЬКIЙ ОБ,ЗАПОРIЗЬКИЙ РАЙОН
data_ti_sprsti_161,823,9,6,ЕНЕРГОДАРСЬКА ОДПI ГУ МIНДОХОДIВ КАМ'ЯНСЬКО-ДН-СЬКЕ В,КАМ'ЯНСЬКО-ДНIПРОВСЬКИЙ РАЙОН
data_ti_sprsti_162,848,97,12,ОПЕРАТИВНЕ УПРАВЛIННЯ ГУ МIНДОХОДIВ У ЗАПОРIЗЬКIЙ ОБЛ.,ЗАПОРIЗЬКА ОБЛАСТЬ
data_ti_sprsti_163,849,98,10,РУ ДЕПАРТАМЕНТУ САТ ДПС УКРАЇНИ У ЗАПОРIЗЬКIЙ ОБЛАСТI,ЗАПОРIЗЬКА ОБЛАСТЬ
data_ti_sprsti_164,901,1,2,ДПI У БОГОРОДЧАНСЬКОМУ Р-НI ГУ МIНДОХОДIВ,БОГОРОДЧАНСЬКИЙ Р-Н
data_ti_sprsti_165,910,10,2,ДПI У РОГАТИНСЬКОМУ Р-НI ГУ МIНДОХОДIВ,РОГАТИНСЬКИЙ Р-Н
data_ti_sprsti_166,911,11,2,ДПI У РОЖНЯТIВСЬКОМУ Р-НI ГУ МIНДОХОДIВ,РОЖНЯТIВСЬКИЙ Р-Н
data_ti_sprsti_167,912,12,2,ДПI У СНЯТИНСЬКОМУ Р-НI ГУ МIНДОХОДIВ,СНЯТИНСЬКИЙ Р-Н
data_ti_sprsti_168,913,13,6,ТИСМЕНИЦЬКА ОБ'ЄДНАНА ДПI ГУ МIНДОХОДIВ,ТИСМЕНИЦЬКИЙ Р-Н
data_ti_sprsti_169,913,14,6,ТИСМЕНИЦЬКА ОБ'ЄДНАНА ДПI (ТЛУМАЦЬКЕ ВIД-НЯ) ГУ МIНДОХ,ТЛУМАЦЬКИЙ Р-Н
data_ti_sprsti_170,915,15,2,ДПI У М.IВАНО-ФРАНКIВСЬКУ ГУ МIНДОХОДIВ,М.IВАНО-ФРАНКIВСЬК
data_ti_sprsti_171,906,16,6,КАЛУСЬКА ОБ'ЄДНАНА ДПI ГУ МIНДОХОДIВ,М.КАЛУШ
data_ti_sprsti_172,907,17,6,КОЛОМИЙСЬКА ОБ'ЄДНАНА ДПI ГУ МIНДОХОДIВ,М.КОЛОМИЯ
data_ti_sprsti_173,918,18,2,ДПI У М.ЯРЕМЧОМУ ГУ МIНДОХОДIВ,М.ЯРЕМЧЕ
data_ti_sprsti_174,919,19,1,ГУ ДФС В IВАНО-ФРАНКIВСЬКIЙ ОБЛАСТI,IВАНО-ФРАНКIВСЬКА ОБЛАСТЬ
data_ti_sprsti_175,902,2,2,ДПI У ВЕРХОВИНСЬКОМУ Р-НI ГУ МIНДОХОДIВ,ВЕРХОВИНСЬКИЙ Р-Н
data_ti_sprsti_176,905,20,6,ДОЛИНСЬКА ОБ'ЄДНАНА ДПI (БОЛЕХIВСЬКЕ ВIД-НЯ) ГУ МIНДОХ,М.БОЛЕХIВ
data_ti_sprsti_177,903,3,2,ДПI У ГАЛИЦЬКОМУ Р-НI ГУ МIНДОХОДIВ,ГАЛИЦЬКИЙ Р-Н
data_ti_sprsti_178,904,4,2,ДПI У ГОРОДЕНКIВСЬКОМУ Р-НI ГУ МIНДОХОДIВ,ГОРОДЕНКIВСЬКИЙ Р-Н
data_ti_sprsti_179,905,5,6,ДОЛИНСЬКА ОБ'ЄДНАНА ДПI ГУ МIНДОХОДIВ,ДОЛИНСЬКИЙ Р-Н
data_ti_sprsti_180,906,6,6,КАЛУСЬКА ОБ'ЄДНАНА ДПI ГУ МIНДОХОДIВ,КАЛУСЬКИЙ Р-Н
data_ti_sprsti_181,907,7,6,КОЛОМИЙСЬКА ОБ'ЄДНАНА ДПI ГУ МIНДОХОДIВ,КОЛОМИЙСЬКИЙ Р-Н
data_ti_sprsti_182,999,70,14,IВАНО-ФРАНКIВСЬКА МИТНИЦЯ МIНДОХОДIВ,М.IВАНО-ФРАНКIВСЬК
data_ti_sprsti_183,908,8,2,ДПI У КОСIВСЬКОМУ Р-НI ГУ МIНДОХОДIВ,КОСIВСЬКИЙ Р-Н
data_ti_sprsti_184,909,9,2,ДПI У НАДВIРНЯНСЬКОМУ Р-НI ГУ МIНДОХОДIВ,НАДВIРНЯНСЬКИЙ Р-Н
data_ti_sprsti_185,948,97,12,УПРАВЛIННЯ ПОДАТКОВОЇ МIЛIЦIЇ В IВАНО-ФРАНКIВСЬКIЙ ОБЛ,IВАНО-ФРАНКIВСЬКА ОБЛАСТЬ
data_ti_sprsti_186,949,98,10,РУ ДЕПАРТАМЕНТУ САТ ДПА УКРАЇНИ В IВАНО-ФРАНКIВСЬК.ОБЛ,IВАНО-ФРАНКIВСЬКА ОБЛАСТЬ
data_ti_sprsti_187,1017,1,6,ПЕРЕЯСЛАВ-ХМЕЛЬНИЦЬКА ОДПI БАРИШIВСЬКЕ ВIДДIЛЕННЯ,БАРИШIВСЬКИЙ Р-Н
data_ti_sprsti_188,1017,10,6,ПЕРЕЯСЛАВ-ХМЕЛЬНИЦЬКА ОДПI ЗГУРIВСЬКЕ ВIДДIЛЕННЯ,ЗГУРIВСЬКИЙ Р-Н
data_ti_sprsti_189,1008,11,6,ВИШГОРОДСЬКА ОДПI IВАНКIВСЬКЕ ВIДДIЛЕННЯ,IВАНКIВСЬКИЙ РАЙОН
data_ti_sprsti_190,1015,12,6,МИРОНIВСЬКА ОБ'ЄДНАНА ДПI КАГАРЛИЦЬКЕ ВIД-НЯ,КАГАРЛИЦЬКИЙ Р-Н
data_ti_sprsti_191,1013,13,2,ДПI У КИЄВО-СВЯТОШИНСЬКОМУ Р-НI  ГУ МIНДОХОДIВ У КИЇВС,КИЄВО-СВЯТОШИНСЬКИЙ Р-Н
data_ti_sprsti_192,1031,14,6,IРПIНСЬКА ОДПI МАКАРIВСЬКЕ ВIДДIЛЕННЯ,МАКАРIВСЬКИЙ Р-Н
data_ti_sprsti_193,1015,15,6,МИРОНIВСЬКА ОДПI ГУ МIНДОХОДIВ У КИЇВСЬКIЙ ОБЛАСТI,МИРОНIВСЬКИЙ Р-Н
data_ti_sprsti_194,1016,16,2,ДПI В ОБУХIВСЬКОМУ Р-НI ГУ МIНДОХОДIВ У КИЇВСЬКIЙ ОБЛ.,ОБУХIВСЬКИЙ Р-Н
data_ti_sprsti_195,1017,17,6,ПЕРЕЯСЛАВ-ХМЕЛЬНИЦЬКА ОДПI ГУ МIНДОХОДIВ У КИЇВ-IЙ ОБЛ,ПЕРЕЯСЛАВ-ХМЕЛЬНИЦЬКИЙ Р-Н
data_ti_sprsti_196,1008,18,6,ВИШГОРОДСЬКА ОДПI ПОЛIСЬКЕ ВIДДIЛЕННЯ,ПОЛIСЬКИЙ РАЙОН
data_ti_sprsti_197,1002,19,6,РОКИТНЯНСЬКЕ ВIДДIЛЕННЯ БIЛОЦЕРКIВСЬКОЇ ОДПI,РОКИТНЯНСЬКИЙ РАЙОН
data_ti_sprsti_198,1002,2,6,БIЛОЦЕРКIВСЬКА ОДПI ГУ МIНДОХОДIВ,БIЛОЦЕРКIВСЬКИЙ РАЙОН
data_ti_sprsti_199,1023,20,6,ТЕТIЇВСЬКА ОДПI ГУ МIНДОХОДIВ СКВИРСЬКЕ ВIДДIЛЕННЯ,СКВИРСЬКИЙ Р-Н
data_ti_sprsti_200,1023,21,6,ТЕТIЇВСЬКА ОДПI ГУ МIНДОХОДIВ СТАВИЩАНСЬКЕ ВIДДIЛЕННЯ,СТАВИЩЕНСЬКИЙ Р-Н
data_ti_sprsti_201,1002,22,6,ТАРАЩАНСЬКЕ ВIДДIЛЕННЯ БIЛОЦЕРКIВСЬКОЇ ОДПI,ТАРАЩАНСЬКИЙ РАЙОН
data_ti_sprsti_202,1023,23,6,ТЕТIЇВСЬКА ОДПI ГУ МIНДОХОДIВ У КИЇВCЬКIЙ ОБЛАСТI,ТЕТIЇВСЬКИЙ Р-Н
data_ti_sprsti_203,1007,24,6,ВАСИЛЬКIВСЬКА ОДПI ФАСТIВСЬКЕ ВIДДIЛЕННЯ,ФАСТIВСЬКИЙ Р-Н
data_ti_sprsti_204,1017,25,6,ПЕРЕЯСЛАВ-ХМЕЛЬНИЦЬКА ОДПI ЯГОТИНСЬКЕ ВIДДIЛЕННЯ,ЯГОТИНСЬКИЙ Р-Н
data_ti_sprsti_205,1017,26,6,ПЕРЕЯСЛАВ-ХМЕЛЬНИЦЬКА ОДПI (М.БЕРЕЗАНЬ),М.БЕРЕЗАНЬ
data_ti_sprsti_206,1002,27,6,БIЛОЦЕРКIВСЬКА ОДПI ГУ МIНДОХОДIВ,М.БIЛА ЦЕРКВА
data_ti_sprsti_207,1004,28,6,БОРИСПIЛЬСЬКА ОДПI ГУ МIНДОХОДIВ У КИЇВ.ОБЛ (М.БОРИСПI,(М.БОРИСПIЛЬ)
data_ti_sprsti_208,1006,29,6,БРОВАРСЬКА ОДПI ГУ МIНДОХОДIВ У КИЇВСЬКIЙ (М.БРОВАРИ),М.БРОВАРИ
data_ti_sprsti_209,1015,3,6,МИРОНIВСЬКА ОБ'ЄДНАНА ДПI БОГУСЛАВСЬКЕ ВIД-НЯ,БОГУСЛАВСЬКИЙ Р-Н
data_ti_sprsti_210,1007,30,6,ВАСИЛЬКIВСЬКА ОДПI (М.ВАСИЛЬКIВ),М.ВАСИЛЬКIВ
data_ti_sprsti_211,1031,31,6,IРПIНСЬКА ОДПI ГУ МIНДОХОДIВ У КИЇВСЬКIЙ ОБЛАСТI,М.IРПIНЬ
data_ti_sprsti_212,1017,32,6,ПЕРЕЯСЛАВ-ХМЕЛЬНИЦЬКА ОДПI (М.ПЕРЕЯСЛАВ-ХМЕЛЬНИЦЬКИЙ),М.ПЕРЕЯСЛАВ-ХМЕЛЬНИЦЬКИЙ
data_ti_sprsti_213,1015,33,6,МИРОНIВСЬКА ОБ'ЄДНАНА ДПI КАГАРЛИЦЬКЕ В-НЯ(М.РЖИЩIВ),М.РЖИЩIВ
data_ti_sprsti_214,1034,34,2,ДПI У М.СЛАВУТИЧI ГУ МIНДОХОДIВ У КИЇВСЬКIЙ ОБЛАСТI,М.СЛАВУТИЧ
data_ti_sprsti_215,1007,35,6,ВАСИЛЬКIВСЬКА ОДПI ФАСТIВСЬКЕ ВIДДIЛЕННЯ (М.ФАСТIВ),М.ФАСТIВ
data_ti_sprsti_216,1036,36,1,ГУ ДФС У КИЇВСЬКIЙ ОБЛАСТI,КИЇВСЬКА ОБЛАСТЬ
data_ti_sprsti_217,1016,37,2,ДПI В ОБУХIВСЬКОМУ Р-НI ГУ МIНДОХОДIВ У К.О.(М.ОБУХIВ),М.ОБУХIВ
data_ti_sprsti_218,1031,38,6,IРПIНСЬКА ОДПI ГУ МIНДОХОДIВ У КИЇВСЬКIЙ ОБЛ.(М.БУЧА),М.БУЧА
data_ti_sprsti_219,1004,4,6,БОРИСПIЛЬСЬКА ОДПI ГУ МIНДОХОДIВ У КИЇВСЬКIЙ ОБЛАСТI,БОРИСПIЛЬСЬКИЙ Р-Н
data_ti_sprsti_220,1031,5,6,IРПIНСЬКА ОДПI БОРОДЯНСЬКЕ ВIДДIЛЕННЯ,СМТ. БОРОДЯНКА
data_ti_sprsti_221,1051,51,2,УПРАВЛIННЯ ОПОДАТКУВАННЯ ОБЛАСНИХ ОРГАНIЗАЦIЙ,КИЇВСЬКА ОБЛАСТЬ
data_ti_sprsti_222,1006,6,6,БРОВАРСЬКА ОДПI ГУ МIНДОХОДIВ У КИЇВСЬКIЙ ОБЛАСТI,БРОВАРСЬКИЙ РАЙОН
data_ti_sprsti_223,1007,7,6,ВАСИЛЬКIВСЬКА ОДПI ГУ МIНДОХОДIВ У КИЇВСЬКIЙ ОБЛАСТI,ВАСИЛЬКIВСЬКИЙ Р-Н
data_ti_sprsti_224,1099,70,14,КИЇВСЬКА МИТНИЦЯ МIНДОХОДIВ,М.БОРИСПIЛЬ
data_ti_sprsti_225,1008,8,6,ВИШГОРОДСЬКА ОДПI ГУ МIНДОХОДIВ У КИЇВСЬКIЙ ОБЛАСТI,ВИШГОРОДСЬКИЙ РАЙОН
data_ti_sprsti_226,1023,9,6,ТЕТIЇВСЬКА ОДПI ГУ МIНДОХОДIВ ВОЛОДАРСЬКЕ ВIДДIЛЕННЯ,ВОЛОДАРСЬКИЙ Р-Н
data_ti_sprsti_227,1048,97,12,УПРАВЛIННЯ ПОДАТКОВОЇ МIЛIЦIЇ У КИЇВСЬКIЙ ОБЛАСТI,КИЇВСЬКА ОБЛАСТЬ
data_ti_sprsti_228,1049,98,10,РУ ДЕПАРТАМЕНТУ САТ ДПС УКРАЇНИ У КИЇВСЬКIЙ ОБЛ.,КИЇВСЬКА ОБЛАСТЬ
data_ti_sprsti_229,1106,1,6,ДОЛИНСЬКА ОБ'ЄДНАНА ДПI (БОБРИНЕЦЬКЕ ВIД-НЯ),БОБРИНЕЦЬКИЙ Р-Н
data_ti_sprsti_230,1110,10,6,МАЛОВИСКIВСЬКА ОБ'ЄДНАНА ДПI,МАЛОВИСКIВСЬКИЙ Р-Н
data_ti_sprsti_231,1106,11,6,ДОЛИНСЬКА ОБ'ЄДНАНА ДПI (НОВГОРОДКIВСЬКЕ ВIД-НЯ),НОВГОРОДКIВСЬКИЙ Р-Н
data_ti_sprsti_232,1110,12,6,МАЛОВИСКIВСЬКА ОБ'ЄДНАНА ДПI(НОВОАРХАНГЕЛЬСЬКЕ ВIД-НЯ),НОВОАРХАНГЕЛЬСЬКИЙ Р-Н
data_ti_sprsti_233,1110,13,6,МАЛОВИСКIВСЬКА  ОБ'ЄДНАНА ДПI(НОВОМИРГОРОДСЬКЕ ВIД-НЯ),НОВОМИРГОРОДСЬКИЙ Р-Н
data_ti_sprsti_234,1114,14,6,НОВОУКРАЇНСЬКА  ОБ'ЄДНАНА ДПI,НОВОУКРАЇНСЬКИЙ Р-Н
data_ti_sprsti_235,1122,15,6,ЗНАМ'ЯНСЬКА ОБ'ЄДНАНА ДПI (ОЛЕКСАНДРIВСЬКЕ ВIД-НЯ),ОЛЕКСАНДРIВСЬКИЙ Р-Н
data_ti_sprsti_236,1126,16,6,ОЛЕКСАНДРIЙСЬКА ОБ'ЄДНАНА ДПI (ОЛЕКСАНДРIЙСЬКИЙ Р-Н),ОЛЕКСАНДРIЙСЬКИЙ Р-Н
data_ti_sprsti_237,1127,17,6,СВIТЛОВОДСЬКА ОБ'ЄДНАННА ДПI (ОНУФРIЇВСЬКЕ ВIД-НЯ),ОНУФРIЇВСЬКИЙ Р-Н
data_ti_sprsti_238,1126,18,6,ОЛЕКСАНДРIЙСЬКА ОБ'ЄДНАНА ДПI (ПЕТРIВСЬКЕ ВIД-НЯ),ПЕТРIВСЬКИЙ Р-Н
data_ti_sprsti_239,1127,19,6,СВIТЛОВОДСЬКА ОБ'ЄДНАНА ДПI (СВIТЛОВОДСЬКИЙ Р-Н),СВIТЛОВОДСЬКИЙ Р-Н
data_ti_sprsti_240,1114,2,6,НОВОУКРАЇНСЬКА ОБ'ЄДНАНА ДПI (ВIЛЬШАНСЬКЕ ВIД-НЯ),ВIЛЬШАНСЬКИЙ Р-Н
data_ti_sprsti_241,1103,20,6,ГАЙВОРОНСЬКА ОБ'ЄДНАНА ДПI (УЛЬЯНIВСЬКЕ ВIД-НЯ),УЛЬЯНОВСЬКИЙ Р-Н
data_ti_sprsti_242,1106,21,6,ДОЛИНСЬКА ОБ'ЄДНАНА ДПI (УСТИНIВСЬКЕ ВIД-НЯ),УСТИНIВСЬКИЙ Р-Н
data_ti_sprsti_243,1122,22,6,ЗНАМ'ЯНСЬКА ОБ'ЄДНАНА ДПI,М.ЗНАМ'ЯНКА
data_ti_sprsti_244,1123,23,6,КIРОВОГРАДСЬКА ОБ'ЄДНАНА ДПI,М.КIРОВОГРАД
data_ti_sprsti_245,1123,24,2,ДПI В ЛЕНIНСЬКОМУ Р-НI М.КIРОВОГРАД,М.КIРОВОГРАД
data_ti_sprsti_246,1123,25,2,ДПI В КIРОВСЬКОМУ Р-НI М.КIРОВОГРАД,М.КIРОВОГРАД
data_ti_sprsti_247,1126,26,6,ОЛЕКСАНДРIЙСЬКА ОБ'ЄДНАНА ДПI,М.ОЛЕКСАНДРIЯ
data_ti_sprsti_248,1127,27,6,СВIТЛОВОДСЬКА ОБ'ЄДНАНА ДПI,М.СВIТЛОВОДСЬК
data_ti_sprsti_249,1128,28,1,ГУ ДФС У КIРОВОГРАДСЬКIЙ ОБЛАСТI,КIРОВОГРАДСЬКА ОБЛАСТЬ
data_ti_sprsti_250,1103,3,6,ГАЙВОРОНСЬКА ОБ'ЄДНАНА ДПI,ГАЙВОРОНСЬКИЙ Р-Н
data_ti_sprsti_251,1103,4,6,ГАЙВОРОНСЬКА ОБ'ЄДНАНА ДПI (ГОЛОВАНIВСЬКЕ ВIД-НЯ),ГОЛОВАНIВСЬКИЙ Р-Н
data_ti_sprsti_252,1114,5,6,НОВОУКРАЇНСЬКА ОБ'ЄДНАНА ДПI(ДОБРОВЕЛИЧКIВСЬКЕ ВIД-НЯ),ДОБРОВЕЛИЧКIВСЬКИЙ Р-Н
data_ti_sprsti_253,1106,6,6,ДОЛИНСЬКА ОБ'ЄДНАНА ДПI,ДОЛИНСЬКИЙ Р-Н
data_ti_sprsti_254,1122,7,6,ЗНАМ'ЯНСЬКА ОБ'ЄДНАНА ДПI (ЗНАМ'ЯНСЬКИЙ Р-Н),ЗНАМ'ЯНСЬКИЙ Р-Н
data_ti_sprsti_255,1199,70,14,КIРОВОГРАДСЬКА МИТНИЦЯ МIНДОХОДIВ,М.КIРОВОГРАД
data_ti_sprsti_256,1123,8,6,КIРОВОГРАДСЬКА ОБ'ЄДНАНА ДПI (КIРОВОГРАДСЬКЕ ВIД-НЯ),КIРОВОГРАДСЬКИЙ Р-Н
data_ti_sprsti_257,1106,9,6,ДОЛИНСЬКА ОБ'ЄДНАНА ДПI  (КОМПАНIЇВСЬКЕ ВIД-НЯ),КОМПАНIЇВСЬКИЙ Р-Н
data_ti_sprsti_258,1148,97,12,ОПЕРАТИВНЕ УПРАВЛIННЯ ГУ МIНДОХОДIВ У КIРОВОГРАД. ОБЛ.,КIРОВОГРАДСЬКА ОБЛАСТЬ
data_ti_sprsti_259,1149,98,10,РУ ДЕПАРТАМЕНТУ САТ ДПС УКРАЇНИ У КIРОВОГРАДСЬКIЙ ОБЛ.,КIРОВОГРАДСЬКА ОБЛАСТЬ
data_ti_sprsti_260,1201,1,8,СДПI ПО РОБОТI З ВПП У М.ЛУГАНСЬКУ,М.ЛУГАНСЬК
data_ti_sprsti_261,1210,10,6,ПЕРВОМАЙСЬКА ОДПI ГУ МIНДОХОДIВ У ЛУГАНСЬКIЙ ОБЛАСТI,М.ПЕРВОМАЙСЬК
data_ti_sprsti_262,1211,11,2,ДПI У М.РОВЕНЬКАХ ГУ МIНДОХОДIВ У ЛУГАНСЬКIЙ ОБЛАСТI,М.РОВЕНЬКИ
data_ti_sprsti_263,1212,12,6,РУБIЖАНСЬКА ОДПI ГУ МIНДОХОДIВ У ЛУГАНСЬКIЙ ОБЛАСТI,М.РУБIЖНЕ
data_ti_sprsti_264,1213,13,2,ДПI У М.СВЕРДЛОВСЬКУ ГУ МIНДОХОДIВ У ЛУГАНСЬКIЙ ОБЛАСТ,М.СВЕРДЛОВСЬК
data_ti_sprsti_265,1214,14,2,ДПI У М.СЄВЄРОДОНЕЦЬКУ ГУ МIНДОХОДIВ У ЛУГАНСЬКIЙ ОБЛА,М.СЄВЄРОДОНЕЦЬК
data_ti_sprsti_266,1202,15,6,АНТРАЦИТIВСЬКА ОДПI (АНТРАЦИТIВСЬКИЙ Р-Н),АНТРАЦИТIВСЬКИЙ Р-Н
data_ti_sprsti_267,1230,16,6,СТАРОБIЛЬСЬКА ОДПI (БIЛОВОДСЬКЕ ВIДДIЛЕННЯ),БIЛОВОДСЬКИЙ Р-Н
data_ti_sprsti_268,1227,17,6,СВАТIВСЬКА ОДПI (БIЛОКУРАКИНСЬКЕ ВIДДIЛЕННЯ),БIЛОКУРАКИНСЬКИЙ Р-Н
data_ti_sprsti_269,1207,18,6,КРАСНОДОНСЬКА ОДПI (КРАСНОДОНСЬКИЙ Р-Н),КРАСНОДОНСЬКИЙ Р-Н
data_ti_sprsti_270,1212,19,6,РУБIЖАНСЬКА ОДПI (КРЕМIНСЬКЕ ВIДДIЛЕННЯ),КРЕМIНСЬКИЙ Р-Н
data_ti_sprsti_271,1202,2,6,АНТРАЦИТIВСЬКА ОДПI ГУ МIНДОХОДIВ У ЛУГАНСЬКIЙ ОБЛАСТI,М.АНТРАЦИТ
data_ti_sprsti_272,1220,20,2,ДПI У ЛУТУГИНСЬКОМУ Р-НI ГУ МIНДОХОДIВ У ЛУГАНСЬКIЙ ОБ,ЛУТУГИНСЬКИЙ Р-Н
data_ti_sprsti_273,1230,21,6,СТАРОБIЛЬСЬКА ОДПI (МАРКIВСЬКЕ ВIДДIЛЕННЯ),МАРКIВСЬКИЙ Р-Н
data_ti_sprsti_274,1230,22,6,СТАРОБIЛЬСЬКА ОДПI (МIЛОВСЬКЕ ВIДДIЛЕННЯ),МIЛОВСЬКИЙ Р-Н
data_ti_sprsti_275,1230,23,6,СТАРОБIЛЬСЬКА ОДПI (НОВОАЙДАРСЬКЕ ВIДДIЛЕННЯ),НОВОАЙДАРСЬКИЙ Р-Н
data_ti_sprsti_276,1230,24,6,СТАРОБIЛЬСЬКА ОДПI (НОВОПСКОВСЬКЕ ВIДДIЛЕННЯ),НОВОПСКОВСЬКИЙ Р-Н
data_ti_sprsti_277,1206,25,6,АЛЧЕВСЬКА ОДПI (ПЕРЕВАЛЬСЬКЕ ВIДДIЛЕННЯ),ПЕРЕВАЛЬСЬКИЙ Р-Н
data_ti_sprsti_278,1210,26,6,ПЕРВОМАЙСЬКА ОДПI  (ПОПАСНЯНСЬКЕ ВIДДIЛЕННЯ),М.ПОПАСНА
data_ti_sprsti_279,1227,27,6,СВАТIВСЬКА ОДПI ГУ МIНДОХОДIВ У ЛУГАНСЬКIЙ ОБЛАСТI,СВАТIВСЬКИЙ Р-Н
data_ti_sprsti_280,1228,28,2,ДПI У СЛОВ'ЯНОСЕРБСЬКОМУ Р-НI ГУ МIНДОХОДIВ У ЛУГАНСЬК,СЛОВ'ЯНОСЕРБСЬКИЙ Р-Н
data_ti_sprsti_281,1229,29,2,ДПI У СТАНИЧНО-ЛУГАНСЬКОМУ Р-НI ГУ МIНДОХОДIВ У ЛУГАНС,СТАНИЧНО-ЛУГАНСЬКИЙ Р-Н
data_ti_sprsti_282,1206,3,6,АЛЧЕВСЬКА ОДПI (БРЯНКIВСЬКЕ ВIДДIЛЕННЯ),М.БРЯНКА
data_ti_sprsti_283,1230,30,6,СТАРОБIЛЬСЬКА ОДПI ГУ МIНДОХОДIВ У ЛУГАНСЬКIЙ ОБЛАСТI,СТАРОБIЛЬСЬКИЙ Р-Н
data_ti_sprsti_284,1227,31,6,СВАТIВСЬКА ОДПI (ТРОЇЦЬКЕ ВIДДIЛЕННЯ),ТРОЇЦЬКИЙ Р-Н
data_ti_sprsti_285,1232,32,1,ГУ МIНДОХОДIВ У ЛУГАНСЬКIЙ ОБЛАСТI,ЛУГАНСЬКА ОБЛАСТЬ
data_ti_sprsti_286,1233,33,2,ДПI В АРТЕМIВСЬКОМУ Р-НI М.ЛУГАНСЬКА ГУ МIНДОХОДIВ У Л,АРТЕМIВСЬКИЙ Р-Н М.ЛУГАНСЬК
data_ti_sprsti_287,1234,34,2,ДПI У ЖОВТНЕВОМУ Р-НI М.ЛУГАНСЬКА ГУ МIНДОХОДIВ У ЛУГА,ЖОВТНЕВИЙ Р-Н М.ЛУГАНСЬК
data_ti_sprsti_288,1236,35,6,ЛЕНIНСЬКА ОДПI (КАМ'ЯНОБРIДСЬКЕ ВIДДIЛЕННЯ),КАМ'ЯНОБРОДСЬКИЙ Р-Н М.ЛУГАНСЬК
data_ti_sprsti_289,1236,36,6,ЛЕНIНСЬКА ОДПI У М.ЛУГАНСЬКУ ГУ МIНДОХОДIВ У ЛУГАНСЬКI,ЛЕНIНСЬКИЙ Р-Н М.ЛУГАНСЬК
data_ti_sprsti_290,1204,4,6,СТАХАНОВСЬКА ОДПI ГУ МIНДОХОДIВ У ЛУГАНСЬКIЙ ОБЛАСТI,М.СТАХАНОВ
data_ti_sprsti_291,1204,5,6,СТАХАНОВСЬКА ОДПI (КIРОВСЬКЕ ВIДДIЛЕННЯ ),М.КIРОВСЬК
data_ti_sprsti_292,1213,50,2,ДПI В МIС.СВЕРДЛОВСЬКУ,СВЕРДЛОВСЬКИЙ Р-Н
data_ti_sprsti_293,1206,6,6,АЛЧЕВСЬКА ОДПI ГУ МIНДОХОДIВ У ЛУГАНСЬКIЙ ОБЛАСТI,М.АЛЧЕВСЬК
data_ti_sprsti_294,1207,7,6,КРАСНОДОНСЬКА ОДПI ГУ МIНДОХОДIВ У ЛУГАНСЬКIЙ ОБЛАСТI,М.КРАСНОДОН
data_ti_sprsti_295,1299,70,14,ЛУГАНСЬКА МИТНИЦЯ МIНДОХОДIВ,ЛУГАНСЬКА ОБЛАСТЬ
data_ti_sprsti_296,1208,8,2,ДПI У М.КРАСНОМУ ЛУЧI ГУ МIНДОХОДIВ У ЛУГАНСЬКIЙ ОБЛАС,М.КРАСНИЙ ЛУЧ
data_ti_sprsti_297,1209,9,2,ДПI У М.ЛИСИЧАНСЬКУ ГУ МIНДОХОДIВ У ЛУГАНСЬКIЙ ОБЛАСТI,М.ЛИСИЧАНСЬК
data_ti_sprsti_298,1248,97,12,ОПЕРАТИВНЕ УПРАВЛIННЯ ГУ МIНДОХОДIВ У ЛУГАНСЬКIЙ ОБЛ.,ЛУГАНСЬКА ОБЛАСТЬ
data_ti_sprsti_299,1249,98,10,РУ ДЕПАРТАМЕНТУ САТ ДПС УКРАЇНИ У ЛУГАНСЬКIЙ ОБЛАСТI,ЛУГАНСЬКА ОБЛАСТЬ
data_ti_sprsti_300,1301,1,1,ГУ ДФС У ЛЬВIВСЬКIЙ ОБЛАСТI,ЛЬВIВСЬКА ОБЛАСТЬ
data_ti_sprsti_301,1310,10,6,САМБIРСЬКА ОДПI ГУ МIНДОХОДIВ У Л/О,М. САМБIР
data_ti_sprsti_302,1311,11,6,СТРИЙСЬКА ОДПI ГУ МIНДОХОДIВ У Л/О,М. СТРИЙ
data_ti_sprsti_303,1309,12,6,ДРОГОБИЦЬКА ОДПI ГУ МIНДОХОДIВ У Л/О ТРУСКАВЕЦЬКЕ ВIД,М. ТРУСКАВЕЦЬ
data_ti_sprsti_304,1313,13,2,ДПI У М. ЧЕРВОНОГРАДI ГУ МIНДОХОДIВ У Л/О,М. ЧЕРВОНОГРАД
data_ti_sprsti_305,1315,14,6,БУСЬКА ОДПI ГУ МIНДОХОДIВ У Л/О БРОДIВСЬКЕ ВIД-НЯ,БРОДIВСЬКИЙ РАЙОН
data_ti_sprsti_306,1315,15,6,БУСЬКА ОДПI ГУ МIНДОХОДIВ У Л/О,БУСЬКИЙ РАЙОН
data_ti_sprsti_307,1316,16,6,ГОРОДОЦЬКА ОДПI ГУ МIНДОХОДIВ У Л/О,ГОРОДОЦЬКИЙ РАЙОН
data_ti_sprsti_308,1309,17,6,ДРОГОБИЦЬКА ОДПI (ДРОГОБИЦЬКИЙ РАЙОН),ДРОГОБИЦЬКИЙ РАЙОН
data_ti_sprsti_309,1321,18,6,МИКОЛАЇВСЬКА ОДПI ГУ МIНДОХОДIВ У Л/О ЖИДАЧIВСЬКЕ ВIД,ЖИДАЧIВСЬКИЙ РАЙОН
data_ti_sprsti_310,1319,19,6,ЗОЛОЧIВСЬКА ОДПI ГУ МIНДОХОДIВ У Л/О,ЗОЛОЧIВСЬКИЙ РАЙОН
data_ti_sprsti_311,1302,2,8,СДПI ВПП У М. ЛЬВОВI ДПС,М. ЛЬВIВ
data_ti_sprsti_312,1320,20,2,ДПI У КАМ'ЯНКА-БУЗЬКОМУ Р-НI ГУ МIНДОХОДIВ У Л/О,КАМ'ЯНКА-БУЗЬКИЙ РАЙОН
data_ti_sprsti_313,1321,21,6,МИКОЛАЇВСЬКА ОДПI ГУ МIНДОХОДIВ У Л/О,МИКОЛАЇВСЬКИЙ РАЙОН
data_ti_sprsti_314,1316,22,6,ГОРОДОЦЬКА ОДПI ГУ МIНДОХОДIВ У Л/О МОСТИСЬКЕ ВIД-НЯ,МОСТИСЬКИЙ РАЙОН
data_ti_sprsti_315,1323,23,2,ДПI У ЖОВКIВСЬКОМУ Р-НI ГУ МIНДОХОДIВ У Л/О,ЖОВКIВСЬКИЙ РАЙОН
data_ti_sprsti_316,1319,24,6,ЗОЛОЧIВСЬКА ОДПI ГУ МIНДОХОДIВ У Л/О ПЕРЕМИШЛЯНСЬКЕ ВI,ПЕРЕМИШЛЯНСЬКИЙ РАЙОН
data_ti_sprsti_317,1325,25,2,ДПI У ПУСТОМИТIВСЬКОМУ Р-НI ГУ МIНДОХОДIВ У Л/О,ПУСТОМИТIВСЬКИЙ РАЙОН
data_ti_sprsti_318,1329,26,6,СОКАЛЬСЬКА ОДПI ГУ МIНДОХОДIВ У Л/О РАДЕХIВСЬКЕ ВIД-НЯ,РАДЕХIВСЬКИЙ  РАЙОН
data_ti_sprsti_319,1310,27,2,САМБIРСЬКА ОДПI (САМБIРСЬКИЙ РАЙОН),САМБIРСЬКИЙ РАЙОН
data_ti_sprsti_320,1311,28,6,СТРИЙСЬКА ОДПI ГУ МIНДОХОДIВ У Л/О СКОЛIВСЬКЕ ВIД-НЯ,М. СКОЛЕ
data_ti_sprsti_321,1329,29,6,СОКАЛЬСЬКА ОДПI ГУ МIНДОХОДIВ У Л/О,СОКАЛЬСЬКИЙ РАЙОН
data_ti_sprsti_322,1303,3,2,ДПI У ЗАЛIЗНИЧНОМУ Р-НI М.ЛЬВОВА ГУ МIНДОХОДIВ У Л/О,ЗАЛIЗНИЧНИЙ РАЙОН М. ЛЬВОВА
data_ti_sprsti_323,1311,30,2,СТРИЙСЬКА ОДПI (СТРИЙСЬКИЙ РАЙОН),СТРИЙСЬКИЙ РАЙОН
data_ti_sprsti_324,1310,31,6,САМБIРСЬКА ОДПI ГУ МIНДОХОДIВ У Л/О СТАРОСАМБIРСЬКЕ ВI,СТАРОСАМБIРСЬКИЙ РАЙОН
data_ti_sprsti_325,1310,32,6,САМБIРСЬКА ОДПI ГУ МIНДОХОДIВ У Л/О ТУРКIВСЬКЕ ВIД-НЯ,ТУРКIВСЬКИЙ РАЙОН
data_ti_sprsti_326,1316,33,6,ГОРОДОЦЬКА ОДПI ГУ МIНДОХОДIВ У Л/О ЯВОРIВСЬКЕ ВIД-НЯ,ЯВОРIВСЬКИЙ РАЙОН
data_ti_sprsti_327,1304,4,2,ДПI У ГАЛИЦЬКОМУ Р-НI М.ЛЬВОВА ГУ МIНДОХОДIВ У Л/О,ГАЛИЦЬКИЙ РАЙОН М. ЛЬВОВА
data_ti_sprsti_328,1305,5,2,ДПI У ФРАНКIВСЬКОМУ Р-НI М.ЛЬВОВА ГУ МIНДОХОДIВ У Л/О,ФРАНКIВСЬКИЙ РАЙОН М. ЛЬВОВА
data_ti_sprsti_329,1350,50,2,ДПI У СИХIВСЬКОМУ Р-НI М.ЛЬВОВА ГУ МIНДОХОДIВ У Л/О,СИХIВСЬКИЙ РАЙОН М.ЛЬВОВА
data_ti_sprsti_330,1311,51,6,СТРИЙСЬКА ОДПI (М.МОРШИН),М. МОРШИН
data_ti_sprsti_331,1321,52,6,МИКОЛАЇВСЬКА ОДПI (М.НОВИЙ РОЗДIЛ),М. НОВИЙ РОЗДIЛ
data_ti_sprsti_332,1306,6,2,ДПI У ЛИЧАКIВСЬКОМУ Р-НI М.ЛЬВОВА ГУ МIНДОХОДIВ У Л/О,ЛИЧАКIВСЬКИЙ РАЙОН М. ЛЬВОВА
data_ti_sprsti_333,1307,7,2,ДПI У ШЕВЧЕНКIВСЬКОМУ Р-НI М.ЛЬВОВА ГУ МIНДОХОДIВ Л/О,ШЕВЧЕНКIВСЬКИЙ РАЙОН М. ЛЬВОВА
data_ti_sprsti_334,1399,70,14,ЛЬВIВСЬКА МИТНИЦЯ ДФС,ГАЛИЦЬКИЙ РАЙОН М. ЛЬВОВА
data_ti_sprsti_335,1309,8,6,ДРОГОБИЦЬКА ОДПI ГУ МIНДОХОДIВ У Л/О БОРИСЛАВСЬКЕ ВIД,М. БОРИСЛАВ
data_ti_sprsti_336,1309,9,6,ДРОГОБИЦЬКА ОДПI ГУ МIНДОХОДIВ У Л/О,М. ДРОГОБИЧ
data_ti_sprsti_337,1348,97,12,УПРАВЛIННЯ ПОДАТКОВОЇ МIЛIЦIЇ У ЛЬВIВСЬКIЙ ОБЛАСТI,ЛЬВIВСЬКА ОБЛАСТЬ
data_ti_sprsti_338,1349,98,10,РУ ДЕПАРТАМЕНТУ САТ ДПC УКРАЇНИ В ЛЬВIВСЬКIЙ ОБЛАСТI,ЛЬВIВСЬКА ОБЛАСТЬ
data_ti_sprsti_339,1401,1,8,СДПI ВПП У М.МИКОЛАЄВI МО ДПС,М.МИКОЛАЇВ
data_ti_sprsti_340,1409,10,6,ЮЖНОУКРАЇНСЬКА ОДПI ГУ МIНДОХОДIВ(АРБУЗИНСЬКЕ ВIДДIЛ.,АРБУЗИНСЬКИЙ Р-Н
data_ti_sprsti_341,1411,11,6,БАШТАНСЬКА ОДПI ГУ МIНДОХОДIВ У МИКОЛАЇВСЬКIЙ ОБЛАСТI,БАШТАНСЬКИЙ Р-Н
data_ti_sprsti_342,1407,12,6,ОЧАКIВСЬКА ОДПI ГУ МIНДОХОДIВ(БЕРЕЗАНСЬКЕ ВIД.),БЕРЕЗАНСЬКИЙ Р-Н
data_ti_sprsti_343,1411,13,6,БАШТАНСЬКА ОДПI ГУ МIНДОХОДIВ(БЕРЕЗНЕГУВАТСЬКЕ ВIД.),БЕРЕЗНЕГУВАТСЬКИЙ Р-Н
data_ti_sprsti_344,1409,14,6,ЮЖНОУКРАЇНСЬКА ОДПI ГУ МIНДОХОДIВ(БРАТСЬКЕ ВIДДIЛЕННЯ),БРАТСЬКИЙ Р-Н
data_ti_sprsti_345,1406,15,6,ВОЗНЕСЕНСЬКА ОДПI ГУ МIНДОХОДIВ(ВЕСЕЛИНIВСЬКЕ ВIДДIЛ.,ВЕСЕЛИНIВСЬКИЙ Р-Н
data_ti_sprsti_346,1406,16,6,ВОЗНЕСЕНСЬКА ОДПI ГУ МIНДОХОДIВ(ВОЗНЕС.Р-Н),ВОЗНЕСЕНСЬКИЙ Р-Н
data_ti_sprsti_347,1408,17,6,ПЕРВОМАЙСЬКА ОДПI ГУ МIНДОХОДIВ(ВРАДIЇВСЬКЕ ВIД.),ВРАДIЇВСЬКИЙ Р-Н
data_ti_sprsti_348,1408,18,6,ПЕРВОМАЙСЬКА ОДПI ГУ МIНДОХОДIВ(ДОМАНIВСЬКЕ ВIД.),ДОМАНIВСЬКИЙ Р-Н
data_ti_sprsti_349,1406,19,6,ВОЗНЕСЕНСЬКА ОДПI ГУ МIНДОХОДIВ(ЄЛАНЕЦЬКЕ ВIДДIЛЕННЯ),ЄЛАНЕЦЬКИЙ Р-Н
data_ti_sprsti_350,1402,2,2,ДПI У ЛЕНIНСЬКОМУ РАЙОНI М.МИКОЛАЄВА ГУ МIНДОХОДIВ,ЛЕНIНСЬКИЙ Р-Н М.МИКОЛАЇВ
data_ti_sprsti_351,1420,20,6,ЖОВТНЕВА ОДПI ГУ МIНДОХОДIВ,ЖОВТНЕВИЙ Р-Н М.МИКОЛАЇВ
data_ti_sprsti_352,1411,21,6,БАШТАНСЬКА ОДПI ГУ МIНДОХОДIВ(КАЗАНКIВСЬКЕ ВIДДIЛЕННЯ,КАЗАНКIВСЬКИЙ Р-Н
data_ti_sprsti_353,1408,22,6,ПЕРВОМАЙСЬКА ОДПI ГУ МIНДОХОДIВ(КРИВООЗЕРСЬКЕ ВIД.),КРИВООЗЕРСЬКИЙ Р-Н
data_ti_sprsti_354,1407,23,6,ОЧАКIВСЬКА ОДПI ГУ МIНДОХОДIВ(МИКОЛАЇВСЬКЕ ВIД.),МИКОЛАЇВСЬКИЙ Р-Н
data_ti_sprsti_355,1411,24,6,БАШТАНСЬКА ОДПI ГУ МIНДОХОДIВ(НОВОБУЗЬКЕ ВIДДIЛЕННЯ),НОВОБУЗЬКИЙ Р-Н
data_ti_sprsti_356,1406,25,6,ВОЗНЕСЕНСЬКА ОДПI ГУ МIНДОХОДIВ(НОВООДЕС.ВIДДIЛЕННЯ),НОВООДЕСЬКИЙ Р-Н
data_ti_sprsti_357,1407,26,6,ОЧАКIВСЬКА ОДПI ГУ МIНДОХОДIВ(ОЧАКIВСЬКИЙ Р-Н)(НЕДIЮЧА,ОЧАКIВСЬКИЙ Р-Н
data_ti_sprsti_358,1408,27,6,ПЕРВОМАЙСЬКА ОДПI ГУ МIНДОХОДIВ(ПЕРВОМ.Р-Н),ПЕРВОМАЙСЬКИЙ Р-Н
data_ti_sprsti_359,1420,28,6,ЖОВТНЕВА ОДПI ГУ МIНДОХОДIВ(СНIГУРIВСЬКЕ ВIДДIЛЕННЯ),СНIГУРIВСЬКИЙ Р-Н
data_ti_sprsti_360,1429,29,1,ГУ МIНДОХОДIВ У МИКОЛАЇВСЬКIЙ ОБЛАСТI,МИКОЛАЇВСЬКА ОБЛАСТЬ
data_ti_sprsti_361,1403,3,2,ДПI У ЦЕНТРАЛЬНОМУ РАЙОНI М.МИКОЛАЄВА ГУ МIНДОХОДIВ,ЦЕНТРАЛЬНИЙ Р-Н М.МИКОЛАЇВ
data_ti_sprsti_362,1404,4,2,ДПI У ЗАВОДСЬКОМУ РАЙОНI М.МИКОЛАЄВА ГУ МIНДОХОДIВ,ЗАВОДСЬКИЙ Р-Н М.МИКОЛАЇВ
data_ti_sprsti_363,1405,5,2,ДПI У КОРАБЕЛЬНОМУ РАЙОНI М.МИКОЛАЄВА ГУ МIНДОХОДIВ,КОРАБЕЛЬНИЙ Р-Н М.МИКОЛАЇВ
data_ti_sprsti_364,1406,6,6,ВОЗНЕСЕНСЬКА ОДПI ГУ МIНДОХОДIВ,М.ВОЗНЕСЕНСЬК
data_ti_sprsti_365,1407,7,6,ОЧАКIВСЬКА ОДПI ГУ МIНДОХОДIВ У МИКОЛАЇВСЬКIЙ ОБЛАСТI,М.ОЧАКIВ
data_ti_sprsti_366,1499,70,14,МИКОЛАЇВСЬКА МИТНИЦЯ МIНДОХОДIВ,ЦЕНТРАЛЬНИЙ Р-Н М.МИКОЛАЇВ
data_ti_sprsti_367,1408,8,6,ПЕРВОМАЙСЬКА ОДПI ГУ МIНДОХОДIВ,М.ПЕРВОМАЙСЬК
data_ti_sprsti_368,1409,9,6,ЮЖНОУКРАЇНСЬКА ОДПI ГУ МIНДОХОДIВ,М.ЮЖНОУКРАЇНСЬК
data_ti_sprsti_369,1448,97,12,УПРАВЛIННЯ ПОДАТКОВОЇ МIЛIЦIЇ ДПС У МИКОЛАЇВСЬКIЙ ОБЛ.,МИКОЛАЇВСЬКА ОБЛАСТЬ
data_ti_sprsti_370,1449,98,10,РУ ДЕПАРТАМЕНТУ САТ ДПC УКРАЇНИ В МИКОЛ. ОБЛ.,МИКОЛАЇВСЬКА ОБЛАСТЬ
data_ti_sprsti_371,1501,1,8,СДПI ПО РОБОТI З ВПП У М.ОДЕСI ДПС,М.ОДЕСА
data_ti_sprsti_372,1510,10,6,БЕРЕЗIВСЬКА ОДПI ГУ МIНДОХОДIВ В ОДЕСЬКIЙ ОБЛАСТI,БЕРЕЗIВСЬКИЙ Р-Н
data_ti_sprsti_373,1511,11,2,ДПI У БОЛГРАДСЬКОМУ Р-НI ГУ МIНДОХОДIВ В ОДЕСЬКIЙ ОБЛ,БОЛГРАДСЬКИЙ Р-Н
data_ti_sprsti_374,1505,12,6,БIЛГОРОД-ДНIСТРОВСЬКА ОДПI ГУ МIНДОХОДIВ(Б-ДНIСТР.Р-Н),БIЛГОРОД-ДНIСТРОВСЬКИЙ Р-Н
data_ti_sprsti_375,1524,13,6,РОЗДIЛЬНЯНСЬКА ОДПI ГУ МIНДОХОД (ВЕЛИКОМИХАЙЛIВСЬКЕ ВI,ВЕЛИКОМИХАЙЛIВСЬКИЙ Р-Н
data_ti_sprsti_376,1510,14,6,БЕРЕЗIВСЬКА ОДПI ГУ МIНДОХОДIВ (IВАНIВСЬКЕ ВIДДIЛЕННЯ),IВАНIВСЬКИЙ Р-Н
data_ti_sprsti_377,1502,15,6,IЗМАЇЛЬСЬКА ОДПI ГУ МIНДОХОДIВ (IЗМАЇЛЬСЬКИЙ Р-Н),IЗМАЇЛЬСЬКИЙ РАЙОН
data_ti_sprsti_378,1502,16,6,IЗМАЇЛЬСЬКА ОДПI ГУ МIНДОХОДIВ (КIЛIЙСЬКЕ ВIДДIЛЕННЯ),КIЛIЙСЬКИЙ Р-Н
data_ti_sprsti_379,1517,17,2,ДПI У КОМIНТЕРНIВСЬКОМУ Р-НI ГУ МIНДОХОДIВ В ОДЕС. ОБЛ,КОМIНТЕРНIВСЬКИЙ Р-Н
data_ti_sprsti_380,1508,18,6,БАЛТСЬКА ОДПI ГУ МIНДОХОДIВ (КОДИМСЬКЕ ВIДДIЛЕННЯ),КОДИМСЬКИЙ Р-Н
data_ti_sprsti_381,1504,19,6,КОТОВСЬКА ОДПI ГУ МIНДОХОДIВ (КОТОВСЬКИЙ Р-H),КОТОВСЬКИЙ РАЙОН
data_ti_sprsti_382,1502,2,6,IЗМАЇЛЬСЬКА ОДПI ГУ МIНДОХОДIВ В ОДЕСЬКIЙ ОБЛАСТI,М.IЗМАЇЛ
data_ti_sprsti_383,1504,20,6,КОТОВСЬКА ОДПI ГУ МIНДОХОДIВ (КРАСНООКНЯНСЬКE ВIД-HЯ),КРАСНООКНЯНСЬКИЙ РАЙОН
data_ti_sprsti_384,1521,21,2,ДПI В ОВIДIОПОЛЬСЬКОМУ Р-НI ГУ МIНДОХОДIВ ОДЕС.ОБЛ.,ОВIДIОПОЛЬСЬКИЙ РАЙОН
data_ti_sprsti_385,1522,22,6,ЛЮБАШIВСЬКА ОДПI ГУ МIНДОХОДIВ В ОДЕСЬКIЙ ОБЛАСТI,ЛЮБАШIВСЬКИЙ Р-Н
data_ti_sprsti_386,1523,23,6,МИКОЛАЇВСЬКА ОДПI ГУ МIНДОХОДIВ В ОДЕСЬКIЙ ОБЛАСТI,МИКОЛАЇВСЬКИЙ Р-Н
data_ti_sprsti_387,1524,24,6,РОЗДIЛЬНЯНСЬКА ОДПI ГУ МIНДОХОДIВ В ОДЕСЬКIЙ ОБЛ.,РОЗДIЛЬНЯНСЬКИЙ Р-Н
data_ti_sprsti_388,1525,25,2,ДПI У РЕНIЙСЬКОМУ РАЙОНI ГУ МIНДОХОДIВ В ОДЕСЬКIЙ ОБЛ.,М. РЕНI
data_ti_sprsti_389,1522,26,6,ЛЮБАШIВСЬКА ОДПI ГУ МIНДОХОДIВ (САВРАНСЬКЕ  ВIД-НЯ),САВРАНСЬКИЙ Р-Н
data_ti_sprsti_390,1527,27,6,САРАТСЬКА ОДПI ГУ МIНДОХОДIВ В ОДЕСЬКIЙ ОБЛАСТI,САРАТСЬКИЙ Р-Н
data_ti_sprsti_391,1507,28,6,АРЦИЗЬКА ОДПI ГУ МIНДОХОДIВ(ТАРУТИНСЬКЕ ВIДДIЛЕННЯ),ТАРУТИНСЬКИЙ Р-Н
data_ti_sprsti_392,1527,29,6,САРАТСЬКА ОДПI ГУ МIНДОХОДIВ (ТАТАРБУНАРСЬКЕ ВIД-НЯ),ТАТАРБУНАРСЬКИЙ Р-Н
data_ti_sprsti_393,1503,3,2,ДПI У М.IЛЛIЧIВСЬКУ ГУ МIНДОХОДIВ В ОДЕСЬКIЙ ОБЛАСТI,М.IЛЛIЧIВСЬК
data_ti_sprsti_394,1524,30,6,РОЗДIЛЬНЯНСЬКА ОДПI ГУ МIНДОХОДIВ (ФРУНЗIВСЬКЕ ВIД-НЯ),ФРУНЗIВСЬКИЙ Р-Н
data_ti_sprsti_395,1523,31,6,МИКОЛАЇВСЬКА ОДПI ГУ МIНДОХОДIВ (ШИРЯЇВСЬКЕ ВIД-НЯ),ШИРЯЇВСЬКИЙ Р-Н
data_ti_sprsti_396,1532,32,1,ГУ ДФС В ОДЕСЬКIЙ ОБЛАСТI,ОДЕСЬКА ОБЛАСТЬ
data_ti_sprsti_397,1533,33,2,ДПI У М.ЮЖНОМУ ГУ МIНДОХОДIВ В ОДЕСЬКIЙ ОБЛАСТI,М.ЮЖНЕ
data_ti_sprsti_398,1509,34,2,ДПI У БIЛЯЇВСЬКОМУ РАЙОНI (М.ТЕПЛОДАР) ГУ МIНДОХОДIВ В,М.ТЕПЛОДАР
data_ti_sprsti_399,1504,4,6,КОТОВСЬКА ОДПI ГУ МIНДОХОДIВ В ОДЕСЬКIЙ ОБЛАСТI,М.КОТОВСЬК
data_ti_sprsti_400,1540,40,2,ДПI У КИЇВСЬКОМУ Р-НI М.ОДЕСА,КИЇВСЬКИЙ Р-Н М.ОДЕСА
data_ti_sprsti_401,1541,41,2,ДПI У МАЛИНОВСЬКОМУ Р-НI М.ОДЕСА,МАЛИНОВСЬКИЙ Р-Н М.ОДЕСА
data_ti_sprsti_402,1542,42,2,ДПI У ПРИМОРСЬКОМУ Р-НI М.ОДЕСА,ПРИМОРСЬКИЙ Р-Н М.ОДЕСА
data_ti_sprsti_403,1543,43,2,ДПI В IЛЛIЧIВСЬКОМУ Р-НI М.ОДЕСА,IЛЛIЧIВСЬКИЙ Р-Н М.ОДЕСА
data_ti_sprsti_404,1544,44,2,ДПI У ЖОВТНЕВОМУ Р-НI М.ОДЕСА,ЖОВТНЕВИЙ Р-Н М.ОДЕСА
data_ti_sprsti_405,1545,45,2,ДПI У ЦЕНТРАЛЬНОМУ Р-НI М.ОДЕСА,ЦЕНТРАЛЬНИЙ Р-Н М.ОДЕСА
data_ti_sprsti_406,1546,46,2,ДПI У ЛЕНIНСЬКОМУ Р-НI М.ОДЕСА,ЛЕНIНСЬКИЙ Р-Н М.ОДЕСА
data_ti_sprsti_407,1547,47,2,ДПI У СУВОРОВСЬКОМУ Р-НI М.ОДЕСА,СУВОРОВСЬКИЙ Р-Н М.ОДЕСА
data_ti_sprsti_408,1505,5,6,БIЛГОРОД-ДНIСТРОВСЬКА ОДПI ГУ МIНДОХОДIВ В ОДЕСЬК. ОБ,М.БIЛГОРОД-ДНIСТРОВСЬКИЙ
data_ti_sprsti_409,1551,51,2,ДПI У КИЇВСЬКОМУ Р-НI М.ОДЕСИ ГУ МIНДОХОДIВ В ОДЕС. ОБ,КИЇВСЬКИЙ Р-Н М.ОДЕСИ
data_ti_sprsti_410,1552,52,2,ДПI У МАЛИНОВСЬКОМУ Р-НI М.ОДЕСИ ГУ МIНДОХОДIВ В ОДЕСЬ,МАЛИНОВСЬКИЙ Р-Н М.ОДЕСИ
data_ti_sprsti_411,1553,53,2,ДПI У ПРИМОРСЬКОМУ Р-НI М.ОДЕСИ ГУ МIНДОХОДIВ В ОДЕС,ПРИМОРСЬКИЙ РАЙОН М.ОДЕСИ
data_ti_sprsti_412,1554,54,2,ДПI У СУВОРОВСЬКОМУ Р-НI М.ОДЕСИ ГУ МIНДОХОДIВ В ОДЕС,СУВОРОВСЬКИЙ Р-Н М.ОДЕСИ
data_ti_sprsti_413,1522,6,6,ЛЮБАШIВСЬКА ОДПI ГУ МIНДОХОДIВ (АНАНЬЇВСЬКЕ ВIД-НЯ),АНАНЬЇВСЬКИЙ Р-Н
data_ti_sprsti_414,1507,7,6,АРЦИЗЬКА ОДПI ГУ МIНДОХОДIВ В ОДЕСЬКIЙ ОБЛАСТI,АРЦИЗЬКИЙ Р-Н
data_ti_sprsti_415,1599,70,14,ПIВДЕННА МИТНИЦЯ МIНДОХОДIВ,МАЛИНОВСЬКИЙ Р-Н М.ОДЕСА
data_ti_sprsti_416,1508,8,6,БАЛТСЬКА ОДПI ГУ МIНДОХОДIB В ОДЕСЬКIЙ ОБЛАСТI,БАЛТСЬКИЙ Р-Н
data_ti_sprsti_417,1509,9,2,ДПI У БIЛЯЇВСЬКОМУ РАЙОНI ГУ МIНДОХОДIВ В ОДЕС. ОБЛ.,БIЛЯЇВСЬКИЙ Р-Н
data_ti_sprsti_418,1548,97,12,УПРАВЛIННЯ ПОДАТКОВОЇ МIЛIЦIЇ В ОДЕСЬКIЙ ОБЛАСТI,ОДЕСЬКА ОБЛАСТЬ
data_ti_sprsti_419,1549,98,10,РУ ДЕПАРТАМЕНТУ САТ ДПC УКРАЇНИ В ОДЕС. ОБЛ.,ОДЕСЬКА ОБЛАСТЬ
data_ti_sprsti_420,1601,1,2,ДПI У М. ПОЛТАВI ГУ МIНДОХОДIВ У ПОЛТАВСЬКIЙ ОБЛАСТI,М.ПОЛТАВА
data_ti_sprsti_421,1624,10,6,ПОЛТАВСЬКА ОДПI ГУ МIНДОХОДIВ (ДИКАНСЬКЕ ВIДДIЛЕННЯ),ДИКАНСЬКИЙ Р-Н
data_ti_sprsti_422,1607,11,6,ГАДЯЦЬКА ОДПI ГУ МIНДОХОДIВ (ЗIНЬКIВСЬКЕ ВIДДIЛЕННЯ),ЗIНЬКIВСЬКИЙ Р-Н
data_ti_sprsti_423,1612,12,6,КАРЛIВСЬКА ОДПI ГУ МIНДОХОДIВ У ПОЛТАВСЬКIЙ ОБЛАСТI,КАРЛIВСЬКИЙ Р-Н
data_ti_sprsti_424,1603,13,6,КРЕМЕНЧУЦЬКА ОДПI ГУ МIНДОХОДIВ (КОБЕЛЯЦЬКЕ ВIД.),КОБЕЛЯЦЬКИЙ Р-Н
data_ti_sprsti_425,1603,14,6,КРЕМЕНЧУЦЬКА ОДПI ГУ МIНДОХОДIВ (КОЗЕЛЬЩИНСЬКЕ ВIД.),КОЗЕЛЬЩИНСЬКИЙ Р-Н
data_ti_sprsti_426,1607,15,6,ГАДЯЦЬКА ОДПI ГУ МIНДОХОДIВ (КОТЕЛЕВСЬКЕ ВIДДIЛЕННЯ),КОТЕЛЕВСЬКИЙ Р-Н
data_ti_sprsti_427,1603,16,6,КРЕМЕНЧУЦЬКА ОДПI ГУ МIНДОХОДIВ У ПОЛТАВСЬКIЙ ОБЛАСТI,КРЕМЕНЧУЦЬКИЙ Р-Н
data_ti_sprsti_428,1617,17,6,ЛОХВИЦЬКА  ОДПI ГУ МIНДОХОДIВ У ПОЛТАВСЬКIЙ ОБЛАСТI,ЛОХВИЦЬКИЙ Р-Н
data_ti_sprsti_429,1618,18,6,ЛУБЕНСЬКА ОДПI ГУ МIНДОХОДIВ У ПОЛТАВСЬКIЙ ОБЛАСТI,М.ЛУБНИ
data_ti_sprsti_430,1612,19,6,КАРЛIВСЬКА ОДПI ГУ МIНДОХОДIВ (МАШIВСЬКЕ ВIДДIЛЕННЯ),МАШIВСЬКИЙ Р-Н
data_ti_sprsti_431,1603,2,6,КРЕМЕНЧУЦЬКА ОДПI ГУ МIНДОХОДIВ (КОМСОМОЛЬСЬКЕ ВIД.),М.КОМСОМОЛЬСЬК
data_ti_sprsti_432,1620,20,6,МИРГОРОДСЬКА ОДПI ГУ МIНДОХОДIВ У ПОЛТАВСЬКIЙ ОБЛАСТI,М.МИРГОРОД
data_ti_sprsti_433,1624,21,6,ПОЛТАВСЬКА ОДПI ГУ МIНДОХОДIВ (НОВОСАНЖАРСЬКЕ ВIД.),НОВОСАНЖАРСЬКИЙ Р-Н
data_ti_sprsti_434,1618,22,6,ЛУБЕНСЬКА ОДПI ГУ МIНДОХОДIВ (ОРЖИЦЬКЕ ВIДДIЛЕННЯ),ОРЖИЦЬКИЙ Р-Н
data_ti_sprsti_435,1618,23,6,ЛУБЕНСЬКА ОДПI ГУ МIНДОХОДIВ (ПИРЯТИНСЬКЕ ВIДДIЛЕННЯ),ПИРЯТИНСЬКИЙ Р-Н
data_ti_sprsti_436,1624,24,6,ПОЛТАВСЬКА ОДПI ГУ МIНДОХОДIВ У ПОЛТАВСЬКIЙ ОБЛАСТI,ПОЛТАВСЬКИЙ Р-Н
data_ti_sprsti_437,1624,25,6,ПОЛТАВСЬКА ОДПI ГУ МIНДОХОДIВ (РЕШЕТИЛIВСЬКЕ ВIД.),РЕШЕТИЛIВСЬКИЙ Р-Н
data_ti_sprsti_438,1627,26,6,ХОРОЛЬСЬКА ОДПI ГУ МIНДОХОДIВ (СЕМЕНIВСЬКЕ ВIДДIЛЕННЯ),СЕМЕНIВСЬКИЙ Р-Н
data_ti_sprsti_439,1627,27,6,ХОРОЛЬСЬКА ОДПI ГУ МIНДОХОДIВ У ПОЛТАВСЬКIЙ ОБЛАСТI,ХОРОЛЬСЬКИЙ Р-Н
data_ti_sprsti_440,1617,28,6,ЛОХВИЦЬКА ОДПI ГУ МIНДОХОДIВ (ЧОРНУХИНСЬКЕ ВIДДIЛЕННЯ),ЧОРНУХИНСЬКИЙ Р-Н
data_ti_sprsti_441,1612,29,6,КАРЛIВСЬКА ОДПI ГУ МIНДОХОДIВ (ЧУТIВСЬКЕ ВIДДIЛЕННЯ),ЧУТIВСЬКИЙ Р-Н
data_ti_sprsti_442,1603,3,6,КРЕМЕНЧУЦЬКА ОДПI ГУ МIНДОХОДIВ У ПОЛТАВСЬКIЙ ОБЛАСТI,М.КРЕМЕНЧУК
data_ti_sprsti_443,1620,30,6,МИРГОРОДСЬКА ОДПI ГУ МIНДОХОДIВ (ШИШАЦЬКЕ ВIДДIЛЕННЯ),ШИШАЦЬКИЙ Р-Н
data_ti_sprsti_444,1631,31,1,ГУ ДФС У ПОЛТАВСЬКIЙ ОБЛАСТI,ПОЛТАВСЬКА ОБЛАСТЬ
data_ti_sprsti_445,1601,32,2,ДПI У М.ПОЛТАВI,КИЇВСЬКИЙ Р-Н М.ПОЛТАВА
data_ti_sprsti_446,1601,33,2,ДПI У М.ПОЛТАВI,ЛЕНIНСЬКИЙ Р-Н М.ПОЛТАВА
data_ti_sprsti_447,1601,34,2,ДПI У М.ПОЛТАВI,ОКТЯБРСЬКИЙ Р-Н М.ПОЛТАВА
data_ti_sprsti_448,1603,35,6,КРЕМЕНЧУЦЬКА ОБ'ЄДНАНА ДПI,АВТОЗАВОДСЬКИЙ Р-Н М.КРЕМЕНЧУК
data_ti_sprsti_449,1603,36,6,КРЕМЕНЧУЦЬКА ОБ'ЄДНАНА ДПI,КРЮКIВСЬКИЙ Р-Н М.КРЕМЕНЧУК
data_ti_sprsti_450,1618,4,6,ЛУБЕНСЬКА ОБ'ЄДНАНА ДПI,М.ЛУБНИ
data_ti_sprsti_451,1620,5,6,МИРГОРОДСЬКА ОБ'ЄДНАНА ДПI,М.МИРГОРОД
data_ti_sprsti_452,1620,6,6,МИРГОРОДСЬКА ОДПI ГУ МIНДОХОДIВ (ВЕЛИКОБАГАЧАНСЬКЕ В.),ВЕЛИКОБАГАЧАНСЬКИЙ Р-Н
data_ti_sprsti_453,1607,7,6,ГАДЯЦЬКА ОДПI ГУ МIНДОХОДIВ У ПОЛТАВСЬКIЙ ОБЛАСТI,ГАДЯЦЬКИЙ Р-Н
data_ti_sprsti_454,1699,70,14,ПОЛТАВСЬКА МИТНИЦЯ ДФС,М.ПОЛТАВА
data_ti_sprsti_455,1603,8,6,КРЕМЕНЧУЦЬКА ОДПI ГУ МIНДОХОДIВ (ГЛОБИНСЬКЕ ВIД.),ГЛОБИНСЬКИЙ Р-Н
data_ti_sprsti_456,1618,9,6,ЛУБЕНСЬКА ОДПI ГУ МIНДОХОДIВ (ГРЕБIНКIВСЬКЕ ВIД.),ГРЕБIНКIВСЬКИЙ Р-Н
data_ti_sprsti_457,1648,97,12,ОПЕРАТИВНЕ УПРАВЛIННЯ ГУ МIНДОХОДIВ У ПОЛТАВСЬКIЙ ОБЛ.,ПОЛТАВСЬКА ОБЛАСТЬ
data_ti_sprsti_458,1649,98,10,РУ ДЕПАРТАМЕНТУ САТ ДПС УКРАЇНИ В ПОЛТАВСЬКIЙ ОБЛАСТI,ПОЛТАВСЬКА ОБЛАСТЬ
data_ti_sprsti_459,1700,0,1,ГУ ДФС У РIВНЕНСЬКIЙ ОБЛАСТI,РIВНЕНСЬКА ОБЛАСТЬ
data_ti_sprsti_460,1709,1,6,БЕРЕЗНIВСЬКЕ ВIД КОСТОПIЛЬСЬКОЇ МДПI ГУ МIНДОХОДIВ,БЕРЕЗНIВСЬКИЙ Р-Н
data_ti_sprsti_461,1710,10,6,МЛИНIВСЬКА ОДПI ГУ МIНДОХОДIВ У РIВНЕНСЬКIЙ ОБЛАСТI,МЛИНIВСЬКИЙ РАЙОН
data_ti_sprsti_462,1707,11,6,ОСТРОЗЬКЕ ВIДДIЛЕННЯ ЗДОЛБУНIВСЬКОЇ ОДПI,ОСТРОЗЬКИЙ Р-Н
data_ti_sprsti_463,1712,12,2,ДПI У РIВНЕНСЬКОМУ Р-НI ГУ МIНДОХОДIВ У РIВНЕНСЬКIЙ ОБ,РIВНЕНСЬКИЙ Р-Н
data_ti_sprsti_464,1714,13,6,РОКИТНIВСЬКЕ ВIДД. САРНЕНСЬКОI ОДПI ГУ МIНДОХОДIВ,РОКИТНIВСЬКИЙ РАЙОН
data_ti_sprsti_465,1714,14,6,САРНЕНСЬКА ОДПI ГУ МIНДОХОДIВ У РIВНЕНСЬКIЙ ОБЛАСТI,САРНЕНСЬКИЙ Р-Н
data_ti_sprsti_466,1717,15,6,РАДИВИЛIВСЬКЕ ВIДД.ДУБЕНСЬКОI ОДПI ГУ МIНДОХОДIВ,РАДИВИЛIВСЬКИЙ РАЙОН
data_ti_sprsti_467,1716,16,2,ДПI У М.РIВНОМУ ГУ МIНДОХОДIВ У РIВНЕНСЬКIЙ ОБЛАСТI,М.РIВНЕ
data_ti_sprsti_468,1717,17,6,ДУБЕНСЬКА ОДПI ГУ МIНДОХОДIВ У РIВНЕНСЬКIЙ ОБЛАСТI,М.ДУБНО
data_ti_sprsti_469,1718,18,6,КУЗНЕЦОВСЬКА ОДПI ГУ МIНДОХОДIВ У РIВНЕНСЬКIЙ ОБЛАСТI,КУЗНЕЦОВСЬКИЙ РАЙОН
data_ti_sprsti_470,1707,19,6,ОСТРОЗЬКЕ ВIДДIЛЕННЯ (М.ОСТРIГ),М.ОСТРIГ
data_ti_sprsti_471,1718,2,6,ВОЛОДИМИРЕЦЬКЕ ВIД-НЯ  КОДПI ГУ МД У РIВНЕНСЬКIЙ ОБЛ,ВОЛОДИМИРЕЦЬКИЙ Р-Н
data_ti_sprsti_472,1710,20,6,ДЕМИДIВСЬКЕ ВIДД.МЛИНIВСЬКОI ОДПI ГУ МIНДОХОДIВ,ДЕМИДIВСЬКИЙ РАЙОН
data_ti_sprsti_473,1703,3,6,ГОЩАНСЬКА ОДПI ГОЛ.УПР.МIНДОХОДIВ У РIВНЕНСЬКIЙ ОБЛ.,ГОЩАНСЬКИЙ Р-Н
data_ti_sprsti_474,1717,4,6,ДУБЕНСЬКА ОДПI  (ДУБЕНСЬКИЙ Р-Н),ДУБЕНСЬКИЙ Р-Н
data_ti_sprsti_475,1705,5,6,ДУБРОВИЦЬКА ОДПI ГУ МIНДОХОДIВ У РIВНЕНСЬКIЙ ОБЛ,ДУБРОВИЦЬКИЙ Р-Н
data_ti_sprsti_476,1705,6,6,ЗАРIЧНЕНСЬКЕ ВIД ДУБРОВИЦЬКОЇ ОДПI ГУ МIНДОХОДIВ,ЗАРIЧНЕНСЬКИЙ Р-Н
data_ti_sprsti_477,1707,7,6,ЗДОЛБУНIВСЬКА ОДПI ГУ МIНДОХОДIВ У РIВНЕНСЬКIЙ ОБЛАСТI,ЗДОЛБУНIВСЬКИЙ Р-Н
data_ti_sprsti_478,1799,70,14,РIВНЕНСЬКА МИТНИЦЯ ДФС,М.РIВНЕ
data_ti_sprsti_479,1703,8,6,КОРЕЦЬКЕ ВIДД.ГОЩАНСЬКОI ОДПI ГУ МД У РIВНЕНСЬКIЙ ОБЛ,КОРЕЦЬКИЙ Р-Н
data_ti_sprsti_480,1709,9,6,КОСТОПIЛЬСЬКА ОДПI ГУ МIНДОХОДIВ У РIВНЕНСЬКIЙ ОБЛАСТI,КОСТОПIЛЬСЬКИЙ Р-Н
data_ti_sprsti_481,1748,97,12,УПРАВЛIННЯ ПОДАТКОВОЇ МIЛIЦIЇ ДПС У РIВНЕНСЬКIЙ ОБЛ.,РIВНЕНСЬКА ОБЛАСТЬ
data_ti_sprsti_482,1749,98,10,РУ ДЕПАРТАМЕНТУ САТ ДПС УКРАЇНИ У РIВНЕН. ОБЛ.,РIВНЕНСЬКА ОБЛАСТЬ
data_ti_sprsti_483,1815,1,6,СУМСЬКА ОДПI ГУ МIНДОХОДIВ (БIЛОПIЛЬСЬКЕ ВIД-НЯ),БIЛОПIЛЬСЬКИЙ Р-Н
data_ti_sprsti_484,1813,10,6,РОМЕНСЬКА ОДПI ГУ МIНДОХОДIВ (НЕДРИГАЙЛIВСЬКЕ ВIД-НЯ),НЕДРИГАЙЛIВСЬКИЙ Р-Н
data_ti_sprsti_485,1811,11,6,ОХТИРСЬКА ОДПI ГУ МIНДОХОДIВ У СУМСЬКIЙ ОБЛАСТI,ОХТИРСЬКИЙ Р-Н
data_ti_sprsti_486,1804,12,6,ГЛУХIВСЬКА ОДПI ГУ МIНДОХОДIВ (ПУТИВЛЬСЬКЕ ВIД-НЯ),ПУТИВЛЬСЬКИЙ Р-Н
data_ti_sprsti_487,1813,13,6,РОМЕНСЬКА ОДПI ГУ МIНДОХОДIВ У СУМСЬКIЙ ОБЛАСТI,РОМЕНСЬКИЙ Р-Н
data_ti_sprsti_488,1817,14,6,ШОСТКИНСЬКА ОДПI ГУ МIНДОХОДIВ (С-БУДСЬКЕ ВIД-НЯ),СЕРЕДИНО-БУДСЬКИЙ Р-Н
data_ti_sprsti_489,1815,15,6,СУМСЬКА ОДПI ГУ МIНДОХОДIВ У СУМСЬКIЙ ОБЛАСТI,СУМСЬКИЙ Р-Н
data_ti_sprsti_490,1811,16,6,ОХТИРСЬКА ОДПI ГУ МIНДОХОДIВ (ТРОСТЯНЕЦЬКЕ ВIД-НЯ),ТРОСТЯНЕЦЬКИЙ Р-Н
data_ti_sprsti_491,1817,17,6,ШОСТКИНСЬКА ОДПI ГУ МIНДОХОДIВ У СУМСЬКIЙ ОБЛАСТI,ШОСТКИНСЬКИЙ Р-Н
data_ti_sprsti_492,1817,18,6,ШОСТКИНСЬКА ОДПI ГУ МIНДОХОДIВ (ЯМПIЛЬСЬКЕ ВIД-НЯ),ЯМПIЛЬСЬКИЙ Р-Н
data_ti_sprsti_493,1819,19,2,ДПI У М.СУМАХ ГУ МIНДОХОДIВ У СУМСЬКIЙ ОБЛАСТI,М.СУМИ
data_ti_sprsti_494,1805,2,6,КОНОТОПСЬКА ОДПI ГУ МIНДОХОДIВ (БУРИНСЬКЕ ВIД-НЯ),БУРИНСЬКИЙ Р-Н
data_ti_sprsti_495,1805,20,6,КОНОТОПСЬКА ОДПI ГУ МIНДОХОДIВ У СУМСЬКIЙ ОБЛАСТI,М.КОНОТОП
data_ti_sprsti_496,1813,21,6,РОМЕНСЬКА ОДПI ГУ МIНДОХОДIВ У СУМСЬКIЙ ОБЛАСТI,М.РОМНИ
data_ti_sprsti_497,1817,22,6,ШОСТКИНСЬКА ОДПI ГУ МIНДОХОДIВ У СУМСЬКIЙ ОБЛАСТI,М.ШОСТКА
data_ti_sprsti_498,1811,23,6,ОХТИРСЬКА ОДПI ГУ МIНДОХОДIВ У СУМСЬКIЙ ОБЛАСТI,М.ОХТИРКА
data_ti_sprsti_499,1804,24,6,ГЛУХIВСЬКА ОДПI ГУ МIНДОХОДIВ У СУМСЬКIЙ ОБЛАСТI,М.ГЛУХIВ
data_ti_sprsti_500,1815,25,6,СУМСЬКА ОДПI ГУ МIНДОХОДIВ (ЛЕБЕДИНСЬКЕ ВIД-НЯ),М.ЛЕБЕДИН
data_ti_sprsti_501,1819,26,2,ДПI У ЗАРIЧНОМУ Р-НI М.СУМИ,ЗАРIЧНИЙ Р-Н М.СУМИ
data_ti_sprsti_502,1819,27,2,ДПI У КОВПАКIВСЬКОМУ Р-НI М.СУМИ,КОВПАКIВСЬКИЙ Р-Н М.СУМИ
data_ti_sprsti_503,1828,28,1,ГУ МIНДОХОДIВ У СУМСЬКIЙ ОБЛАСТI,СУМСЬКА ОБЛАСТЬ
data_ti_sprsti_504,1811,3,6,ОХТИРСЬКА ОДПI ГУ МIНДОХОДIВ (ВЕЛИКОПИСАРIВСЬКЕ ВIД-НЯ,ВЕЛИКОПИСАРIВСЬКИЙ Р-Н
data_ti_sprsti_505,1804,4,6,ГЛУХIВСЬКА ОДПI ГУ МIНДОХОДIВ У СУМСЬКIЙ ОБЛАСТI,ГЛУХIВСЬКИЙ Р-Н
data_ti_sprsti_506,1805,5,6,КОНОТОПСЬКА ОДПI ГУ МIНДОХОДIВ У СУМСЬКIЙ ОБЛАСТI,КОНОТОПСЬКИЙ Р-Н
data_ti_sprsti_507,1815,6,6,СУМСЬКА ОДПI ГУ МIНДОХОДIВ (КРАСНОПIЛЬСЬКЕ ВIД-НЯ),КРАСНОПIЛЬСЬКИЙ Р-Н
data_ti_sprsti_508,1804,7,6,ГЛУХIВСЬКА ОДПI ГУ МIНДОХОДIВ (КРОЛЕВЕЦЬКЕ ВIД-НЯ),КРОЛЕВЕЦЬКИЙ Р-Н
data_ti_sprsti_509,1899,70,14,СУМСЬКА МИТНИЦЯ МIНДОХОДIВ,М.СУМИ
data_ti_sprsti_510,1815,8,6,СУМСЬКА ОДПI ГУ МIНДОХОДIВ (ЛЕБЕДИНСЬКЕ  ВIД-НЯ),ЛЕБЕДИНСЬКИЙ Р-Н
data_ti_sprsti_511,1813,9,6,РОМЕНСЬКА ОДПI ГУ МIНДОХОДIВ (ЛИПОВОДОЛИНСЬКЕ ВIД-НЯ),ЛИПОВОДОЛИНСЬКИЙ Р-Н
data_ti_sprsti_512,1848,97,12,УПРАВЛIННЯ ПОДАТКОВОЇ МIЛIЦIЇ У СУМСЬКIЙ ОБЛАСТI,СУМСЬКА ОБЛАСТЬ
data_ti_sprsti_513,1849,98,10,РУ ДЕПАРТАМЕНТУ САТ ДПС УКРАЇНИ У СУМСЬКIЙ ОБЛ,СУМСЬКА ОБЛАСТЬ
data_ti_sprsti_514,1900,0,1,ГУ ДФС У ТЕРНОПIЛЬСЬКIЙ ОБЛАСТI,ТЕРНОПIЛЬСЬКА ОБЛАСТЬ
data_ti_sprsti_515,1908,1,6,КОЗIВСЬКА ОДПI ГУ МIНДОХОДIВ (БЕРЕЖАНСЬКЕ ВIДДIЛЕННЯ),БЕРЕЖАНСЬКИЙ Р-Н
data_ti_sprsti_516,1906,10,6,ЗБАРАЗЬКА ОДПI ГУ МIНДОХОДIВ (ЛАНОВЕЦЬКЕ ВIД-НЯ),ЛАНОВЕЦЬКИЙ Р-Н
data_ti_sprsti_517,1903,11,6,БУЧАЦЬКА ОДПI ГУ МIНДОХОДIВ (МОНАСТИРИСЬКЕ ВIДДIЛЕННЯ),МОНАСТИРИСЬКИЙ Р-Н
data_ti_sprsti_518,1906,12,6,ЗБАРАЗЬКА ОДПI ГУ МIНДОХОДIВ (ПIДВОЛОЧИСЬКЕ ВIД-НЯ),ПIДВОЛОЧИСЬКИЙ Р-Н
data_ti_sprsti_519,1908,13,6,КОЗIВСЬКА ОДПI ГУ МIНДОХОДIВ (ПIДГАЄЦЬКЕ ВIДДIЛЕННЯ),ПIДГАЄЦЬКИЙ Р-Н
data_ti_sprsti_520,1904,14,6,ГУСЯТИНСЬКА ОДПI ГУ МIНДОХОДIВ (ТЕРЕБОВЛЯНСЬКЕ ВIД-НЯ),ТЕРЕБОВЛЯНСЬКИЙ Р-Н
data_ti_sprsti_521,1918,15,6,ТЕРНОПIЛЬСЬКА ОДПI ГУ МIНДОХОДIВ (ТЕРНОПIЛЬСЬКИЙ Р-Н),ТЕРНОПIЛЬСЬКИЙ РАЙОН
data_ti_sprsti_522,1916,16,6,ЧОРТКIВСЬКА ОДПI ГУ МIНДОХОДIВ У ТЕРНОПIЛЬСЬКIЙ ОБЛАСТ,ЧОРТКIВСЬКИЙ Р-Н
data_ti_sprsti_523,1909,17,6,КРЕМЕНЕЦЬКА ОДПI ГУ МIНДОХОДIВ (ШУМСЬКЕ ВIД-НЯ),ШУМСЬКИЙ Р-Н
data_ti_sprsti_524,1918,18,6,ТЕРНОПIЛЬСЬКА ОДПI ГУ МIНДОХОДIВ У ТЕРНОПIЛЬСЬКIЙ ОБЛ.,М.ТЕРНОПIЛЬ
data_ti_sprsti_525,1916,2,6,ЧОРТКIВСЬКА ОДПI ГУ МIНДОХОДIВ (БОРЩIВСЬКЕ ВIД-НЯ),БОРЩIВСЬКИЙ Р-Н
data_ti_sprsti_526,1903,3,6,БУЧАЦЬКА ОДПI ГУ МIНДОХОДIВ У ТЕРНОПIЛЬСЬКIЙ ОБЛАСТI,БУЧАЦЬКИЙ Р-Н
data_ti_sprsti_527,1904,4,6,ГУСЯТИНСЬКА ОДПI ГУ МIНДОХОДIВ У ТЕРНОПIЛЬСЬКIЙ ОБЛАСТ,ГУСЯТИНСЬКИЙ Р-Н
data_ti_sprsti_528,1916,5,6,ЧОРТКIВСЬКА ОДПI ГУ МIНДОХОДIВ (ЗАЛIЩИЦЬКЕ ВIД-НЯ),ЗАЛIЩИЦЬКИЙ Р-Н
data_ti_sprsti_529,1906,6,6,ЗБАРАЗЬКА ОДПI ГУ МIНДОХОДIВ У ТЕРНОПIЛЬСЬКIЙ ОБЛАСТI,ЗБАРАЗЬКИЙ Р-Н
data_ti_sprsti_530,1908,7,6,КОЗIВСЬКА ОДПI ГУ МIНДОХОДIВ (ЗБОРIВСЬКЕ ВIДIЛЕННЯ),ЗБОРIВСЬКИЙ Р-Н
data_ti_sprsti_531,1999,70,14,ТЕРНОПIЛЬСЬКА МИТНИЦЯ ДФС,ТЕРНОПIЛЬСЬКА ОБЛАСТЬ
data_ti_sprsti_532,1908,8,6,КОЗIВСЬКА ОДПI ГУ МIНДОХОДIВ У ТЕРНОПIЛЬСЬКIЙ ОБЛАСТI,КОЗIВСЬКИЙ Р-Н
data_ti_sprsti_533,1909,9,6,КРЕМЕНЕЦЬКА ОДПI ГУ МIНДОХОДIВ У ТЕРНОПIЛЬСЬКIЙ ОБЛ.,КРЕМЕНЕЦЬКИЙ Р-Н
data_ti_sprsti_534,1948,97,12,УПРАВЛIННЯ ПОДАТКОВОЇ МIЛIЦIЇ У ТЕРНОПIЛЬСЬКIЙ ОБЛАСТI,ТЕРНОПIЛЬСЬКА ОБЛАСТЬ
data_ti_sprsti_535,1949,98,10,РУ ДЕПАРТАМЕНТУ САТ ДПС УКРАЇНИ В ТЕРНОПIЛЬСЬКIЙ ОБЛ.,ТЕРНОПIЛЬСЬКА ОБЛАСТЬ
data_ti_sprsti_536,2001,1,2,ДПI У БАЛАКЛIЙСЬКОМУ РАЙОНI ГУ МIНДОХОДIВ У ХАР. ОБЛ.,БАЛАКЛIЙСЬКИЙ Р-Н
data_ti_sprsti_537,2026,10,6,КУП'ЯНСЬКА ОДПI (ДВОРIЧАНСЬКЕ ВIД-НЯ),ДВОРIЧАНСЬКИЙ Р-Н
data_ti_sprsti_538,2011,11,6,ДЕРГАЧIВСЬКА ОДПI ГУ МIНДОХОДIВ У ХАРКIВСЬКIЙ ОБЛ,ДЕРГАЧIВСЬКИЙ Р-Н
data_ti_sprsti_539,2016,12,6,ЗАЧЕПИЛIВСЬКЕ ВД КРАСНОГРАДСЬКОЇ ОДПI ГУ МIНДОХОД. XO,ЗАЧЕПИЛIВСЬКИЙ Р-Н
data_ti_sprsti_540,2011,13,6,ДЕРГАЧIВСЬКА ОДПI (ЗОЛОЧIВСЬКЕ ВIДДIЛЕННЯ),ЗОЛОЧIВСЬКИЙ Р-Н
data_ti_sprsti_541,2014,14,6,IЗЮМСЬКА ОДПI ГУ МIНДОХОДIВ У  ХАРКIВСЬКIЙ ОБЛАСТI,IЗЮМСЬКИЙ Р-Н
data_ti_sprsti_542,2016,15,6,КЕГИЧIВСЬКЕ ВД КРАСНОГРАДСЬКОЇ ОДПI ГУ МIНДОХОДIВ У ХО,КЕГИЧIВСЬКИЙ Р-Н
data_ti_sprsti_543,2016,16,6,КРАСНОГРАДСЬКА ОДПI ГУ МIНДОХОДIВ У ХАРКIВСЬКIЙ ОБЛАСТ,КРАСНОГРАДСЬКИЙ Р-Н
data_ti_sprsti_544,2004,17,6,БОГОДУХIВСЬКА ОДПI (КРАСНОКУТСЬКЕ ВIД-НЯ),КРАСНОКУТСЬКИЙ Р-Н
data_ti_sprsti_545,2026,18,6,КУП'ЯНСЬКА ОДПI (КУП'ЯНСЬКИЙ Р-Н),КУП'ЯНСЬКИЙ Р-Н
data_ti_sprsti_546,2027,19,6,ЛОЗIВСЬКА ОДПI ГУ МIНДОХОДIВ (ЛОЗIВСЬКИЙ Р-Н),ЛОЗIВСЬКИЙ Р-Н
data_ti_sprsti_547,2014,2,6,IЗЮМСЬКА ОДПI ГУ МIНДОХОДIВ (БАРВIНКIВСЬКЕ ВIД-НЯ),БАРВIНКIВСЬКИЙ Р-Н
data_ti_sprsti_548,2020,20,6,НОВОВОДОЛАЗЬКА ОБ'ЄДНАНА ДПI ГУ МIНДОХОДIВ У ХАРК. ОБЛ,НОВОВОДОЛАЗЬКИЙ Р-Н
data_ti_sprsti_549,2027,21,6,ЛОЗIВСЬКА ОДПI ГУ МIНДОХОДIВ (ПЕРВОМАЙСЬКИЙ Р-Н),ПЕРВОМАЙСЬКИЙ Р-Н
data_ti_sprsti_550,2016,22,6,САХНОВЩИНСЬКЕ ВД КРАСНОГРАДСЬКОЇ ОДПI ГУ МIНДОХОД. ХО,САХНОВЩИНСЬКИЙ Р-Н
data_ti_sprsti_551,2023,23,6,ХАРКIВСЬКА ОБ'ЄДНАНА ДПI ГУ МIНДОХОДIВ У ХО,ХАРКIВСЬКИЙ Р-Н
data_ti_sprsti_552,2026,24,6,КУП'ЯНСЬКА ОДПI (ШЕВЧЕНКIВСЬКЕ ВIД-НЯ),ШЕВЧЕНКIВСЬКИЙ Р-Н
data_ti_sprsti_553,2014,25,6,IЗЮМСЬКА ОДПI ГУ МIНДОХОДIВ (М.IЗЮМ),М.IЗЮМ
data_ti_sprsti_554,2026,26,6,КУП'ЯНСЬКА ОДПI ГУ МIНДОХОДIВ У ХАРКIВСЬКIЙ ОБЛАСТI,М.КУП'ЯНСЬК
data_ti_sprsti_555,2027,27,6,ЛОЗIВСЬКА ОДПI  ГУ МIНДОХОДIВ У ХАРКIВСЬКIЙ ОБЛАСТI,М.ЛОЗОВА
data_ti_sprsti_556,2027,28,6,ЛОЗIВСЬКА ОДПI ГУ МIНДОХОДIВ  (ПЕРВОМАЙСЬКЕ ВIД-НЯ),М.ПЕРВОМАЙСЬКИЙ
data_ti_sprsti_557,2029,29,6,ЧУГУЇВСЬКА ОДПI ГУ МIНДОХОДIВ У ХАРКIВСЬКIЙ ОБЛАСТI,М.ЧУГУЇВ
data_ti_sprsti_558,2027,3,6,ЛОЗIВСЬКА ОДПI ГУ МIНДОХОДIВ(БЛИЗНЮКIВСЬКИЙ Р-Н),БЛИЗНЮКIВСЬКИЙ Р-Н
data_ti_sprsti_559,2030,30,2,ДПI У ДЗЕРЖИНСЬКОМУ Р-НI М.ХАРКОВА ГУ МIНДОХОДIВ У Х.О,ДЗЕРЖИНСЬКИЙ Р-Н М.ХАРКIВ
data_ti_sprsti_560,2031,31,2,ДПI У КИЇВСЬКОМУ РАЙОНI М.ХАРКОВА ГУ МIНДОХОДIВ,КИЇВСЬКИЙ Р-Н М.ХАРКОВА
data_ti_sprsti_561,2038,32,6,ОСНОВ'ЯНСЬКА ОДПI М.ХАРКОВА ГУ МХО (КОМIНТЕРНIВСЬКИЙ Р,КОМIНТЕРНIВСЬКИЙ Р-Н М.ХАРКIВ
data_ti_sprsti_562,2033,33,6,ЗАХIДНА ОДПI М.ХАРКОВА ГУ МIНДОХОДIВ У ХАРКIВСЬКIЙ ОБЛ,ЛЕНIНСЬКИЙ Р-Н М.ХАРКIВ
data_ti_sprsti_563,2034,34,2,ДПI У МОСКОВСЬКОМУ Р-НI М.ХАРКОВА ГУ МIНДОХОДIВ У Х/О,МОСКОВСЬКИЙ Р-Н М.ХАРКIВ
data_ti_sprsti_564,2033,35,6,ЗАХIДНА ОДПI М.ХАРКОВА ГУ МIНДОХ У Х/О(ЖОВТНЕВИЙ Р-Н),ЖОВТНЕВИЙ Р-Н М.ХАРКIВ
data_ti_sprsti_565,2036,36,6,IНДУСТРIАЛЬНА ОДПI М.ХАРКОВА ГУ МIНДОХОДIВ,ОРДЖОНIКIДЗЕВСЬКИЙ Р-Н М.ХАРКIВ
data_ti_sprsti_566,2036,37,6,IНДУСТРIАЛЬНА ОДПI М.ХАРКОВА (ФРУНЗЕНСЬКИЙ Р-Н),ФРУНЗЕНСЬКИЙ Р-Н М.ХАРКIВ
data_ti_sprsti_567,2038,38,6,ОСНОВ'ЯНСЬКА ОДПI М.ХАРКОВА ГУ МХО,ЧЕРВОНОЗАВОДСЬКИЙ Р-Н М.ХАРКIВ
data_ti_sprsti_568,2039,39,8,СДПI ПО РОБОТI З ВПП У М.ХАРКОВI  ДПС,М.ХАРКIВ
data_ti_sprsti_569,2004,4,6,БОГОДУХIВСЬКА ОДПI ГУ МIНДОХОДIВ У ХАРКIВСЬКIЙ ОБЛАСТI,БОГОДУХIВСЬКИЙ Р-Н
data_ti_sprsti_570,2040,40,1,ГУ МIНДОХОДIВ У ХАРКIВСЬКIЙ ОБЛАСТI,ХАРКIВСЬКА ОБЛАСТЬ
data_ti_sprsti_571,2029,41,6,ЧУГУЇВСЬКА ОДПI ГУ МIНДОХОДIВ У Х/О (ПЕЧЕНIЗЬКИЙ Р-Н),ПЕЧЕНIЗЬКИЙ Р-Н
data_ti_sprsti_572,2023,42,6,ХАРКIВСЬКА ОДПI ГУ МIНДОХОДIВ У ХО (ЛЮБОТИНСЬКЕ ВIД-НЯ,М. ЛЮБОТИН
data_ti_sprsti_573,2029,43,6,ЧУГУЇВСЬКА ОДПI ГУ МIНДОХОДIВ У Х/О (ЧУГУЇВСЬКИЙ Р-Н),ЧУГУЇВСЬКИЙ Р-Н
data_ti_sprsti_574,2020,44,6,КОЛОМАЦЬКЕ ВД НОВОВОДОЛАЗЬКОЇ ОДПI ГУ МIНДОХОДIВ У ХО,КОЛОМАЦЬКИЙ Р-Н
data_ti_sprsti_575,2014,5,6,IЗЮМСЬКА ОДПI ГУ МIНДОХОДIВ (БОРIВСЬКЕ ВIД-НЯ),БОРIВСЬКИЙ Р-Н
data_ti_sprsti_576,2020,6,6,ВАЛКIВСЬКЕ ВД НОВОВОДОЛАЗЬКОЇ ОДПI ГУ МIНДОХОДIВ У ХО,ВАЛКIВСЬКИЙ Р-Н
data_ti_sprsti_577,2008,7,6,ВОВЧАНСЬКА ОДПI ГУ МIНДОХОДIВ(ВЕЛИКОБУРЛУЦЬКЕ ВIД-НЯ),ВЕЛИКОБУРЛУЦЬКИЙ Р-Н
data_ti_sprsti_578,2099,70,14,ХАРКIВСЬКА МИТНИЦЯ МIНДОХОДIВ,КИЇВСЬКИЙ Р-Н М.ХАРКОВА
data_ti_sprsti_579,2008,8,6,ВОВЧАНСЬКА ОДПI ГУ МIНДОХОДIВ У ХАРК.ОБЛ.,ВОВЧАНСЬКИЙ Р-Н
data_ti_sprsti_580,2009,9,2,ДПI У ЗМIЇВСЬКОМУ РАЙОНI ГУ МIНДОХОДIВ У ХАРКIВСЬКIЙ О,ЗМIЇВСЬКИЙ Р-Н
data_ti_sprsti_581,2048,97,12,ОПЕРАТИВНЕ УПРАВЛ. ГОЛ.УПР.МIНДОХОДIВ У ХАРКIВ. ОБЛ.,ХАРКIВСЬКА ОБЛАСТЬ
data_ti_sprsti_582,2049,98,10,РУ ДЕПАРТАМЕНТУ САТ ДПC УКРАЇНИ У ХАРКIВСЬКIЙ ОБЛ.,ХАРКIВСЬКА ОБЛАСТЬ
data_ti_sprsti_583,2115,1,6,КАХОВСЬКА ОДПI ГУ МIНДОХОДIВ У ХЕРСОН ОБЛ (М.КАХОВКА),М.КАХОВКА
data_ti_sprsti_584,2110,10,6,ГЕНIЧЕСЬКА ОДПI ГУ ДФС У ХЕРСОНСЬКIЙ ОБЛАСТI,ГЕНIЧЕСЬКИЙ Р-Н
data_ti_sprsti_585,2120,11,6,ЦЮРУПИНСЬКА ОДПI ГУ МIНДОХОДIВ (ГОЛОПРИСТАНСЬКЕ ВIД-НЯ,ГОЛОПРИСТАНСЬКИЙ Р-Н
data_ti_sprsti_586,2115,12,6,КАХОВСЬКА ОДПI ГУ МIНДОХОДIВ (ГОРНОСТАЇВСЬКЕ ВIД-НЯ),ГОРНОСТАЇВСЬКИЙ Р-Н
data_ti_sprsti_587,2110,13,6,ГЕНIЧЕСЬКА ОДПI (IВАНIВСЬКЕ ВIД-НЯ),IВАНIВСЬКИЙ Р-Н
data_ti_sprsti_588,2119,14,6,СКАДОВСЬКА ОДПI ГУ МIНДОХОДIВ (КАЛАНЧАЦЬКЕ ВIД-НЯ),КАЛАНЧАЦЬКИЙ Р-Н
data_ti_sprsti_589,2115,15,6,КАХОВСЬКА ОДПI ГУ МIНДОХОДIВ У ХЕРСОНСЬКIЙ ОБЛАСТI,КАХОВСЬКИЙ Р-Н
data_ti_sprsti_590,2110,16,6,ГЕНIЧЕСЬКА ОДПI (НИЖНЬОСIРОГОЗЬКЕ ВIД-НЯ),НИЖНЬОСIРОГОЗЬКИЙ Р-Н
data_ti_sprsti_591,2102,17,6,НОВОКАХОВСЬКА ОДПI  (НОВОВОРОНЦОВСЬКЕ ВIДДIЛЕННЯ),НОВОВОРОНЦОВСЬКИЙ Р-Н
data_ti_sprsti_592,2110,18,6,ГЕНIЧЕСЬКА ОДПI (НОВОТРОЇЦЬКЕ ВIД-НЯ),НОВОТРОЇЦЬКИЙ Р-Н
data_ti_sprsti_593,2119,19,6,СКАДОВСЬКА ОДПI ГУ МIНДОХОДIВ У ХЕРСОНСЬКIЙ ОБЛАСТI,СКАДОВСЬКИЙ Р-Н
data_ti_sprsti_594,2102,2,6,НОВОКАХОВСЬКА ОДПI ГУ МIНДОХОДIВ У ХЕРСОНСЬКIЙ ОБЛАСТI,М.НОВА КАХОВКА
data_ti_sprsti_595,2120,20,6,ЦЮРУПИНСЬКА ОДПI ГУ МIНДОХОДIВ У ХЕРСОНСЬКIЙ ОБЛАСТI,ЦЮРУПИНСЬКИЙ Р-Н
data_ti_sprsti_596,2119,21,6,СКАДОВСЬКА ОДПI ГУ МIНДОХОДIВ (ЧАПЛИНСЬКЕ ВIД-НЯ),ЧАПЛИНСЬКИЙ Р-Н
data_ti_sprsti_597,2122,22,1,ГУ ДФС У ХЕРСОНСЬКIЙ ОБЛАСТI,ХЕРСОНСЬКА ОБЛАСТЬ
data_ti_sprsti_598,2103,3,2,ДПI У М.ХЕРСОНI ГУ  ДФС У ХЕРСОНСЬКIЙ ОБЛАСТI,М.ХЕРСОН
data_ti_sprsti_599,2103,31,2,ДПI У М.ХЕРСОНI ГУ МIНДОХОДIВ У ХЕРСОНСЬКIЙ ОБЛАСТI,ДНIПРОВСЬКИЙ Р-Н М.ХЕРСОН
data_ti_sprsti_600,2103,32,2,ДПI У М.ХЕРСОНI ГУ МIНДОХОДIВ У ХЕРСОНСЬКIЙ ОБЛАСТI,СУВОРОВСЬКИЙ Р-Н М.ХЕРСОН
data_ti_sprsti_601,2103,33,2,ДПI У М.ХЕРСОНI ГУ МIНДОХОДIВ У ХЕРСОНСЬКIЙ ОБЛАСТI,КОМСОМОЛЬСЬКИЙ Р-Н М.ХЕРСОН
data_ti_sprsti_602,2120,4,6,ЦЮРУПИНСЬКА ОДПI ГУ МIНДОХОДIВ (БIЛОЗЕРСЬКЕ ВIД-НЯ),БIЛОЗЕРСЬКИЙ Р-Н
data_ti_sprsti_603,2102,5,6,НОВОКАХОВСЬКА ОДПI (БЕРИСЛАВСЬКЕ ВIДДIЛЕННЯ),БЕРИСЛАВСЬКИЙ Р-Н
data_ti_sprsti_604,2102,6,6,НОВОКАХОВСЬКА ОДПI  (ВЕЛИКООЛЕКСАНДРIВСЬКЕ ВIДIЛЕННЯ),ВЕЛИКООЛЕКСАНДРIВСЬКИЙ Р-Н
data_ti_sprsti_605,2115,7,6,КАХОВСЬКА ОДПI ГУ МIНДОХОДIВ (ВЕЛИКОЛЕПЕТИСЬКЕ ВIД-НЯ),ВЕЛИКОЛЕПЕТИСЬКИЙ Р-Н
data_ti_sprsti_606,2199,70,14,ХЕРСОНСЬКА МИТНИЦЯ МIНДОХОДIВ,М.ХЕРСОН
data_ti_sprsti_607,2115,8,6,КАХОВСЬКА ОДПI ГУ МIНДОХОДIВ (В.РОГАЧИЦЬКЕ ВIД-НЯ),ВЕРХНЬОРОГАЧИЦЬКИЙ Р-Н
data_ti_sprsti_608,2102,9,6,НОВОКАХОВСЬКА ОДПI  (ВИСОКОПIЛЬСЬКЕ ВIДДIЛЕННЯ),ВИСОКОПIЛЬСЬКИЙ Р-Н
data_ti_sprsti_609,2148,97,12,УПРАВЛIННЯ ПОДАТКОВОЇ МIЛIЦIЇ ДПC У ХЕРСОНСЬКIЙ ОБЛАСТ,ХЕРСОНСЬКА ОБЛАСТЬ
data_ti_sprsti_610,2149,98,10,РУ ДЕПАРТАМЕНТУ САТ ДПC УКРАIНИ У ХЕРСОНСЬКIЙ ОБЛАСТI,ХЕРСОНСЬКА ОБЛАСТЬ
data_ti_sprsti_611,2201,1,1,ГУ ДФС У ХМЕЛЬНИЦЬКIЙ ОБЛАСТI,ХМЕЛЬНИЦЬКА ОБЛАСТЬ
data_ti_sprsti_612,2210,10,6,КРАСИЛIВСЬКА ОБ'ЄДНАНА ДПI,КРАСИЛIВСЬКИЙ Р-Н
data_ti_sprsti_613,2218,11,6,ХМЕЛЬНИЦЬКА ОДПI ГУ МIНДОХОДIВ (ЛЕТИЧIВСЬКЕ ВIД-НЯ),ЛЕТИЧIВСЬКИЙ Р-Н
data_ti_sprsti_614,2207,12,6,ДУНАЄВЕЦЬКА ОБ'ЄДНАНА ДПI (НОВОУШИЦЬКЕ ВIДДIЛЕНЯ),НОВОУШИЦЬКИЙ РАЙОН
data_ti_sprsti_615,2220,13,6,ШЕПЕТIВСЬКА ОДПI(ПОЛОНСЬКЕ ВIДДIЛЕНЯ) ГУ МIНДОХОДIВ,ПОЛОНСЬКИЙ Р-Н
data_ti_sprsti_616,2214,14,6,СЛАВУТСЬКА ОБ'ЄДНАНА ДПI,СЛАВУТСЬКИЙ Р-Н
data_ti_sprsti_617,2210,15,6,КРАСИЛIВСЬКА ОБ'ЄДНАНА ДПI (СТАРОКОНСТЯНТИНIВСЬКЕ В-НЯ,СТАРОКОСТЯНТИНIВСЬКИЙ Р-Н
data_ti_sprsti_618,2210,16,6,КРАСИЛIВСЬКА ОБ'ЄДНАНА ДПI (СТАРОСИНЯВСЬКЕ ВIД-НЯ),СТАРОСИНЯВСЬКИЙ Р-Н
data_ti_sprsti_619,2210,17,6,КРАСИЛIВСЬКА ОБ'ЄДНАНА ДПI (ТЕОФIПОЛЬСЬКЕ ВIД-НЯ),ТЕОФIПОЛЬСЬКИЙ Р-Н
data_ti_sprsti_620,2218,18,6,ХМЕЛЬНИЦЬКА ОДПI ГУ МIНДОХОДIВ У ХМЕЛЬНИЦЬКIЙ ОБЛАСТI,ХМЕЛЬНИЦЬКИЙ Р-Н
data_ti_sprsti_621,2205,19,6,ГОРОДОЦЬКА ОБ'ЄДНАНА ДПI (ЧЕМЕРОВЕЦЬКЕ ВIДДIЛЕННЯ),ЧЕМЕРОВЕЦЬКИЙ Р-Н
data_ti_sprsti_622,2214,2,6,СЛАВУТСЬКА ОБ'ЄДНАНА ДПI (БIЛОГIРСЬКЕ ВIД-НЯ),БIЛОГIРСЬКИЙ Р-Н
data_ti_sprsti_623,2220,20,6,ШЕПЕТIВСЬКА ОДПI ГУ МIНДОХОДIВ У ХМЕЛЬНИЦЬКIЙ ОБЛАСТI,ШЕПЕТIВСЬКИЙ Р-Н
data_ti_sprsti_624,2205,21,6,ГОРОДОЦЬКА ОБ'ЄДНАНА ДПI (ЯРМОЛИНЕЦЬКЕ ВIДДIЛЕННЯ),ЯРМОЛИНЕЦЬКИЙ Р-Н
data_ti_sprsti_625,2209,22,6,КАМ'ЯНЕЦЬ-ПОДIЛЬСЬКА ОДПI (М.КАМ'ЯНЕЦЬ-ПОДIЛЬСЬКИЙ),М.КАМ'ЯНЕЦЬ-ПОДIЛЬСЬКИЙ
data_ti_sprsti_626,2214,23,6,СЛАВУТСЬКА ОБ'ЄДНАНА ДПI (НЕТIШИНСЬКЕ ВIД-НЯ),М.НЕТIШИН
data_ti_sprsti_627,2214,24,6,СЛАВУТСЬКА ОБ'ЄДНАНА ДПI (М.СЛАВУТА),М.СЛАВУТА
data_ti_sprsti_628,2225,25,2,ДПI У М.ХМЕЛЬНИЦЬКОМУ,М.ХМЕЛЬНИЦЬКИЙ
data_ti_sprsti_629,2220,26,6,ШЕПЕТIВСЬКА ОБ'ЄДНАНА ДПI (М.ШЕПЕТIВКА),М.ШЕПЕТIВКА
data_ti_sprsti_630,2207,3,6,ДУНАЄВЕЦЬКА ОБ'ЄДНАНА ДПI (ВIНЬКОВЕЦЬКЕ ВIДДIЛЕНЯ),ВIНЬКОВЕЦЬКИЙ РАЙОН
data_ti_sprsti_631,2210,30,6,КРАСИЛIВСЬКА ОДПI (СТАРОКОНСТЯНТИНIВСЬКЕ В-НЯ) МIСТО,М.СТАРОКОСТЯНТИНIВ
data_ti_sprsti_632,2218,4,6,ХМЕЛЬНИЦЬКА ОДПI ГУ МIНДОХОДIВ (ВОЛОЧИСЬКЕ ВIД-НЯ),ВОЛОЧИСЬКИЙ Р-Н
data_ti_sprsti_633,2205,5,6,ГОРОДОЦЬКА ОБ'ЄДНАНА ДПI,ГОРОДОЦЬКИЙ Р-Н
data_ti_sprsti_634,2218,6,6,ХМЕЛЬНИЦЬКА ОДПI ГУ МIНДОХОДIВ (ДЕРАЖНЯНСЬКЕ ВIД-НЯ),ДЕРАЖНЯНСЬКИЙ Р-Н
data_ti_sprsti_635,2207,7,6,ДУНАЄВЕЦЬКА ОБ'ЄДНАНА ДПI,ДУНАЄВЕЦЬКИЙ РАЙОН
data_ti_sprsti_636,2299,70,14,ХМЕЛЬНИЦЬКА МИТНИЦЯ МIНДОХОДIВ,М.ХМЕЛЬНИЦЬКИЙ
data_ti_sprsti_637,2214,8,6,СЛАВУТСЬКА ОБ'ЄДНАНА ДПI (IЗЯСЛАВСЬКЕ ВIД-НЯ),IЗЯСЛАВСЬКИЙ Р-Н
data_ti_sprsti_638,2209,9,6,КАМ'ЯНЕЦЬ-ПОДIЛЬСЬКА ОБ'ЄДНАНА ДПI,КАМ'ЯНЕЦЬ-ПОДIЛЬСЬКИЙ Р-Н
data_ti_sprsti_639,2248,97,12,ОПЕРАТИВНЕ УПРАВЛIННЯ ГУ МIНДОХОДIВ У ХМЕЛЬНИЦЬКIЙ ОБЛ,ХМЕЛЬНИЦЬКА ОБЛАСТЬ
data_ti_sprsti_640,2249,98,10,РУ ДЕПАРТАМЕНТУ САТ ДПА УКРАЇНИ В ХМЕЛЬН. ОБЛ.,ХМЕЛЬНИЦЬКА ОБЛАСТЬ
data_ti_sprsti_641,2300,0,1,ГУ ДФС У ЧЕРКАСЬКIЙ ОБЛАСТI,ЧЕРКАСЬКА ОБЛАСТЬ
data_ti_sprsti_642,2301,1,2,ДПI У М.ЧЕРКАСАХ ГУ МIНДОХОДIВ У ЧЕРКАСЬКIЙ ОБЛАСТI,М.ЧЕРКАСИ
data_ti_sprsti_643,2313,10,6,ЗОЛОТОНIСЬКА ОБ'ЄДНАНА ДПI (ДРАБIВСЬКЕ ВIДДIЛЕННЯ),ДРАБIВСЬКИЙ Р-Н
data_ti_sprsti_644,2305,11,6,УМАНСЬКА ОБ'ЄДНАНА ДПI (ЖАШКIВСЬКЕ ВIДДIЛЕННЯ),ЖАШКIВСЬКИЙ Р-Н
data_ti_sprsti_645,2312,12,6,ЗВЕНИГОРОДСЬКА ОДПI ГУ МIНДОХОДIВ У ЧЕРКАСЬКIЙ ОБЛАСТI,ЗВЕНИГОРОДСЬКИЙ Р-Н
data_ti_sprsti_646,2313,13,6,ЗОЛОТОНIСЬКА ОДПI ГУ МIНДОХОДIВ У ЧЕРКАСЬКIЙ ОБЛАСТI,ЗОЛОТОНIСЬКИЙ Р-Н
data_ti_sprsti_647,2314,14,6,КОРСУНЬ-ШЕВЧЕНКIВСЬКА ОДПI ГУ МIНДОХОДIВ У ЧЕРКАСЬКIЙ,КОРСУНЬ-ШЕВЧЕНКIВСЬКИЙ Р-Н
data_ti_sprsti_648,2314,15,6,КОРСУНЬ-ШЕВЧЕНКIВСЬКА  ОДПI (КАНIВСЬКЕ ВIДДIЛЕННЯ),КАНIВСЬКИЙ Р-Н
data_ti_sprsti_649,2316,16,6,КАМ'ЯНСЬКА ОДПI ГУ МIНДОХОДIВ У ЧЕРКАСЬКIЙ ОБЛАСТI,КАМ'ЯНСЬКИЙ Р-Н
data_ti_sprsti_650,2312,17,6,ЗВЕНИГОРОДСЬКА ОДПI (КАТЕРИНОПIЛЬСЬКЕ  ВIДДIЛЕННЯ),КАТЕРИНОПIЛЬСЬКИЙ Р-Н
data_ti_sprsti_651,2312,18,6,ЗВЕНИГОРОДСЬКА ОБ'ЄДНАНА ДПI (ЛИСЯНСЬКЕ ВIДДIЛЕННЯ),ЛИСЯНСЬКИЙ Р-Н
data_ti_sprsti_652,2322,19,6,ТАЛЬНIВСЬКА ОБ'ЄДНАНА ДПI (МАНЬКIВСЬКЕ ВIДДIЛЕННЯ),МАНЬКIВСЬКИЙ Р-Н
data_ti_sprsti_653,2301,2,2,ДПI У МIС.ЧЕРКАСИ,ПРИДНIПРОВСЬКИЙ Р-Н М.ЧЕРКАСИ
data_ti_sprsti_654,2324,20,6,ХРИСТИНIВСЬКА ОДПI (МОНАСТИРИЩЕНСЬКЕ ВIДДIЛЕННЯ),МОНАСТЕРИЩЕНСЬКИЙ Р-Н
data_ti_sprsti_655,2304,21,6,СМIЛЯНСЬКА ОДПI ГУ МIНДОХОДIВ У ЧЕРКАСЬКIЙ ОБЛАСТI,СМIЛЯНСЬКИЙ Р-Н
data_ti_sprsti_656,2322,22,6,ТАЛЬНIВСЬКА ОДПI ГУ МIНДОХОДIВ У ЧЕРКАСЬКIЙ ОБЛАСТI,ТАЛЬНIВСЬКИЙ Р-Н
data_ti_sprsti_657,2305,23,6,УМАНСЬКА ОДПI ГУ МIНДОХОДIВ У ЧЕРКАСЬКIЙ ОБЛАСТI,УМАНСЬКИЙ Р-Н
data_ti_sprsti_658,2324,24,6,ХРИСТИНIВСЬКА ОДПI ГУ МIНДОХОДIВ У ЧЕРКАСЬКIЙ ОБЛАСТI,ХРИСТИНIВСЬКИЙ Р-Н
data_ti_sprsti_659,2325,25,2,ДПI У ЧЕРКАСЬКОМУ РАЙОНI ГУ МIНДОХОДIВ У ЧЕРКАСЬКIЙ ОБ,ЧЕРКАСЬКИЙ Р-Н
data_ti_sprsti_660,2313,26,6,ЗОЛОТОНIСЬКА ОБ'ЄДНАНА ДПI (ЧОРНОБАЇВСЬКЕ ВIДДIЛЕННЯ),ЧОРНОБАЇВСЬКИЙ Р-Н
data_ti_sprsti_661,2316,27,6,КАМ'ЯНСЬКА ОБ'ЄДНАНА ДПI (ЧИГИРИНСЬКЕ ВIДДIЛЕННЯ),ЧИГИРИНСЬКИЙ Р-Н
data_ti_sprsti_662,2304,28,6,СМIЛЯНСЬКА ОБ'ЄДНАНА ДПI (ШПОЛЯНСЬКЕ ВIДДIЛЕННЯ),ШПОЛЯНСЬКИЙ Р-Н
data_ti_sprsti_663,2301,3,2,ДПI У МIС.ЧЕРКАСИ,СОСНIВСЬКИЙ Р-Н М.ЧЕРКАСИ
data_ti_sprsti_664,2304,4,6,СМIЛЯНСЬКА ОДПI ГУ МIНДОХОДIВ У ЧЕРКАСЬКIЙ ОБЛАСТI,М.СМIЛА
data_ti_sprsti_665,2305,5,6,УМАНСЬКА ОДПI ГУ МIНДОХОДIВ У ЧЕРКАСЬКIЙ ОБЛАСТI,М.УМАНЬ
data_ti_sprsti_666,2314,6,6,КОРСУНЬ-ШЕВЧЕНКIВСЬКА  ОДПI (КАНIВСЬКЕ ВIДДIЛЕННЯ),М.КАНIВ
data_ti_sprsti_667,2312,7,6,ЗВЕНИГОРОДСЬКА ОБ'ЄДНАНА ДПI (ВАТУТIНСЬКЕ ВIДДIЛЕННЯ),М.ВАТУТIНЕ
data_ti_sprsti_668,2399,70,14,ЧЕРКАСЬКА МИТНИЦЯ ДФС,М.ЧЕРКАСИ
data_ti_sprsti_669,2313,8,6,ЗОЛОТОНIСЬКА ОДПI ГУ МIНДОХОДIВ У ЧЕРКАСЬКIЙ ОБЛАСТI,М.ЗОЛОТОНОША
data_ti_sprsti_670,2314,9,6,КОРСУНЬ-ШЕВЧЕНКIВСЬКА ОДПI (ГОРОДИЩЕНСЬКЕ ВIДДIЛЕННЯ),ГОРОДИЩЕНСЬКИЙ Р-Н
data_ti_sprsti_671,2348,97,12,УПРАВЛIННЯ ПОДАТКОВОЇ МIЛIЦIЇ У ЧЕРКАСЬКIЙ ОБЛАСТI,ЧЕРКАСЬКА ОБЛАСТЬ
data_ti_sprsti_672,2349,98,10,РУ ДЕПАРТАМЕНТУ САТ ДПС УКРАЇНИ У ЧЕРКАСЬКIЙ ОБЛАСТI,ЧЕРКАСЬКА ОБЛАСТЬ
data_ti_sprsti_673,2401,1,2,ДПI У ВИЖНИЦЬКОМУ Р-НI ГУ МIНДОХОДIВ У ЧЕРНIВ. ОБЛ.,ВИЖНИЦЬКИЙ Р-Н
data_ti_sprsti_674,2410,10,2,ДПI У СТОРОЖИНЕЦЬКОМУ Р-НI ГУ МIНДОХ. У ЧЕРНIВ. ОБЛ.,СТОРОЖИНЕЦЬКИЙ Р-Н
data_ti_sprsti_675,2411,11,6,ХОТИНСЬКА ОДПI ГУ МIНДОХОДIВ У ЧЕРНIВ. ОБЛ.,ХОТИНСЬКИЙ Р-Н
data_ti_sprsti_676,2412,12,2,ДПI У М.ЧЕРНIВЦЯХ ГУ МIНДОХОДIВ У ЧЕРНIВЕЦЬКIЙ ОБЛ.,М.ЧЕРНIВЦI
data_ti_sprsti_677,2413,13,1,ГУ МIНДОХОДIВ У ЧЕРНIВЕЦЬКIЙ ОБЛАСТI,ЧЕРНIВЕЦЬКА ОБЛАСТЬ
data_ti_sprsti_678,2407,2,6,ГЕРЦАЇВСЬКЕ ВIДД. НОВОС. OДПI ГУ МIНДОХ. У ЧЕРНIВ.ОБЛ.,ГЕРЦАЇВСЬКИЙ Р-Н
data_ti_sprsti_679,2403,3,2,ДПI У ГЛИБОЦЬКОМУ Р-НI ГУ МIНДОХОДIВ У ЧЕРНIВ. ОБЛ.,ГЛИБОЦЬКИЙ Р-Н
data_ti_sprsti_680,2406,4,6,ЗАСТАВНIВСЬКЕ ВIДД. КIЦМ. OДПI ГУ МIНДОХ. У ЧЕРН. ОБЛ.,ЗАСТАВНIВСЬКИЙ Р-Н
data_ti_sprsti_681,2411,5,6,КЕЛЬМЕНЕЦЬКЕ ВIДД. ХОТИН. OДПI ГУ МIНДОХ. У ЧЕРН. ОБЛ.,КЕЛЬМЕНЕЦЬКИЙ Р-Н
data_ti_sprsti_682,2409,50,6,НОВОДНIСТРОВСЬКЕ ВIДД. СОКИР. ОДПI ГУ МIНД. У ЧЕРН.ОБЛ,М.НОВОДНIСТРОВСЬК
data_ti_sprsti_683,2406,6,6,КIЦМАНСЬКА ОДПI ГУ МIНДОХОДIВ У ЧЕРНIВ. ОБЛ.,КIЦМАНСЬКИЙ Р-Н
data_ti_sprsti_684,2412,63,2,ДПI У М.ЧЕРНIВЦI,ЛЕНIНСЬКИЙ Р-Н М.ЧЕРНIВЦI
data_ti_sprsti_685,2412,66,2,ДПI У М.ЧЕРНIВЦI,ПЕРШОТРАВНЕВИЙ Р-Н М.ЧЕРНIВЦI
data_ti_sprsti_686,2412,69,2,ДПI У М.ЧЕРНIВЦI,САДГIРСЬКИЙ Р-Н М.ЧЕРНIВЦI
data_ti_sprsti_687,2407,7,6,НОВОСЕЛИЦЬКА ОДПI ГУ МIНДОХОДIВ У ЧЕРНIВ. ОБЛ.,НОВОСЕЛИЦЬКИЙ Р-Н
data_ti_sprsti_688,2499,70,14,ЧЕРНIВЕЦЬКА МИТНИЦЯ МIНДОХОДIВ,ЧЕРНIВЕЦЬКА ОБЛАСТЬ
data_ti_sprsti_689,2408,8,2,ДПI У ПУТИЛЬСЬКОМУ Р-НI ГУ МIНДОХОДIВ У ЧЕРНIВ. ОБЛ.,ПУТИЛЬСЬКИЙ Р-Н
data_ti_sprsti_690,2409,9,6,СОКИРЯНСЬКА ОДПI ГУ МIНДОХОДIВ У ЧЕРНIВ. ОБЛ.,СОКИРЯНСЬКИЙ Р-Н
data_ti_sprsti_691,2448,97,12,ОПЕРАТИВНЕ УПРАВЛIННЯ,ЧЕРНIВЕЦЬКА ОБЛАСТЬ
data_ti_sprsti_692,2449,98,10,РУ ДЕПАРТАМЕНТУ САТ ДПС УКРАЇНИ В ЧЕРНIВ. ОБЛ.,ЧЕРНIВЕЦЬКА ОБЛАСТЬ
data_ti_sprsti_693,2501,1,1,ГУ ДФС У ЧЕРНIГIВСЬКIЙ ОБЛАСТI,ЧЕРНIГIВСЬКА ОБЛАСТЬ
data_ti_sprsti_694,2510,10,6,КОРЮКIВСЬКА ОДПI ГУ МIНДОХОДIВ У ЧЕРНIГIВСЬКIЙ ОБЛАСТI,КОРЮКIВСЬКИЙ Р-Н
data_ti_sprsti_695,2522,11,6,ЧЕРНIГIВСЬКА ОДПI ГУ МIНДОХОДIВ (КУЛИКIВСЬКЕ ВIД-НЯ),КУЛИКIВСЬКИЙ Р-Н
data_ti_sprsti_696,2512,12,6,МЕНСЬКА ОДПI ГУ МIНДОХОДIВ У ЧЕРНIГIВСЬКIЙ ОБЛАСТI,МЕНСЬКИЙ Р-Н
data_ti_sprsti_697,2513,13,6,НIЖИНСЬКА ОДПI ГУ МIНДОХОДIВ У ЧЕРНIГIВСЬКIЙ ОБЛАСТI,НIЖИНСЬКИЙ Р-Н
data_ti_sprsti_698,2514,14,6,НОВГОРОД-СIВЕРСЬКА ОДПI ГУ МIНДОХОДIВ У ЧЕРНIГIВСЬКIЙ,НОВГОРОД-СIВЕРСЬКИЙ Р-Н
data_ti_sprsti_699,2513,15,6,НIЖИНСЬКА ОДПI ГУ МIНДОХОДIВ (НОСIВСЬКЕ ВIД-НЯ),НОСIВСЬКИЙ Р-Н
data_ti_sprsti_700,2516,16,6,ПРИЛУЦЬКА ОДПI ГУ МIНДОХОДIВ У ЧЕРНIГIВСЬКIЙ ОБЛАСТI,ПРИЛУЦЬКИЙ Р-Н
data_ti_sprsti_701,2517,17,2,ДПI У РIПКИНСЬКОМУ Р-НI ГУ МIНДОХОДIВ У ЧЕРНIГIВСЬКIЙ,РIПКИНСЬКИЙ Р-Н
data_ti_sprsti_702,2514,18,6,НОВГОРОД-СIВЕРСЬКА ОДПI ГУ МIНДОХОДIВ (СЕМЕНIВСЬКЕ ВIД,СЕМЕНIВСЬКИЙ Р-Н
data_ti_sprsti_703,2512,19,6,МЕНСЬКА ОДПI ГУ МIНДОХОДIВ  (СОСНИЦЬКЕ ВIД-НЯ),СОСНИЦЬКИЙ Р-Н
data_ti_sprsti_704,2502,2,6,БАХМАЦЬКА ОДПI ГУ МIНДОХОДIВ У ЧЕРНIГIВСЬКIЙ ОБЛАСТI,БАХМАЦЬКИЙ Р-Н
data_ti_sprsti_705,2505,20,6,ВАРВИНСЬКА ОДПI ГУ МIНДОХОДIВ (СРIБНЯНСЬКЕ ВIД-НЯ),СРIБНЯНСЬКИЙ Р-Н
data_ti_sprsti_706,2502,21,6,БАХМАЦЬКА ОДПI ГУ МIНДОХОДIВ (ТАЛАЛАЇВСЬКЕ ВIД-НЯ),ТАЛАЛАЇВСЬКИЙ Р-Н
data_ti_sprsti_707,2522,22,6,ЧЕРНIГIВСЬКА ОДПI ГУ МIНДОХОДIВ У ЧЕРНIГIВСЬКIЙ ОБЛ.,ЧЕРНIГIВСЬКИЙ Р-Н
data_ti_sprsti_708,2510,23,6,КОРЮКIВСЬКА ОДПI ГУ МIНДОХОДIВ  (ЩОРСЬКЕ ВIДДIЛЕННЯ),ЩОРСЬКИЙ Р-Н
data_ti_sprsti_709,2513,24,6,НIЖИНСЬКА ОДПI ГУ МIНДОХОДIВ (М.НIЖИН),М.НIЖИН
data_ti_sprsti_710,2516,25,6,ПРИЛУЦЬКА ОДПI ГУ МIНДОХОДIВ (М.ПРИЛУКИ),М.ПРИЛУКИ
data_ti_sprsti_711,2526,26,2,ДПI У М. ЧЕРНIГОВI ГУ МIНДОХОДIВ У ЧЕРНIГIВСЬКIЙ ОБЛ.,М.ЧЕРНIГIВ
data_ti_sprsti_712,2526,27,2,ДПI У М.ЧЕРНIГОВI,ДЕСНЯНСЬКИЙ Р-Н М.ЧЕРНIГIВ
data_ti_sprsti_713,2526,28,2,ДПI У М.ЧЕРНIГОВI,НОВО-ЗАВОДСЬКИЙ Р-Н М.ЧЕРНIГIВ
data_ti_sprsti_714,2508,3,6,КОЗЕЛЕЦЬКА ОДПI ГУ МIНДОХОДIВ (БОБРОВИЦЬКЕ  ВIД-НЯ),БОБРОВИЦЬКИЙ Р-Н
data_ti_sprsti_715,2502,4,6,БАХМАЦЬКА ОДПI ГУ МIНДОХОДIВ (БОРЗНЯНСЬКЕ ВIД--НЯ),БОРЗНЯНСЬКИЙ Р-Н
data_ti_sprsti_716,2505,5,6,ВАРВИНСЬКА ОДПI ГУ МIНДОХОДIВ У ЧЕРНIГIВСЬКIЙ ОБЛАСТI,ВАРВИНСЬКИЙ Р-Н
data_ti_sprsti_717,2506,6,2,ДПI В ГОРОДНЯНСЬКОМУ Р-НI ГУ МIНДОХОДIВ У ЧЕРНIГIВСЬКI,ГОРОДНЯНСЬКИЙ Р-Н
data_ti_sprsti_718,2516,7,6,ПРИЛУЦЬКА ОДПI ГУ МIНДОХОДIВ (IЧНЯНСЬКЕ ВIД-НЯ),IЧНЯНСЬКИЙ Р-Н
data_ti_sprsti_719,2599,70,14,ЧЕРНIГIВСЬКА МИТНИЦЯ МIНДОХОДIВ,М.ЧЕРНIГIВ
data_ti_sprsti_720,2508,8,6,КОЗЕЛЕЦЬКА ОДПI ГУ МIНДОХОДIВ У ЧЕРНIГIВСЬКIЙ ОБЛАСТI,КОЗЕЛЕЦЬКИЙ Р-Н
data_ti_sprsti_721,2512,9,6,МЕНСЬКА ОДПI ГУ МIНДОХОДIВ (КОРОПСЬКЕ ВIД-НЯ),КОРОПСЬКИЙ Р-Н
data_ti_sprsti_722,2548,97,12,УПРАВЛIННЯ ПОДАТКОВОЇ МIЛIЦIЇ У ЧЕРНIГIВСЬКIЙ ОБЛАСТI,ЧЕРНIГIВСЬКА ОБЛАСТЬ
data_ti_sprsti_723,2549,98,10,РУ ДЕПАРТАМЕНТУ САТ ДПС УКРАЇНИ В ЧЕРНIГ. ОБЛ.,ЧЕРНIГIВСЬКА ОБЛАСТЬ
data_ti_sprsti_724,2601,1,2,ДПI У ВАТУТИНСЬКОМУ Р-НI М.КИЇВ,ВАТУТИНСЬКИЙ Р-Н М.КИЇВ
data_ti_sprsti_725,2610,10,2,ДПI У ПЕЧЕРСЬКОМУ Р-НI М.КИЇВ,ПЕЧЕРСЬКИЙ Р-Н М.КИЇВ
data_ti_sprsti_726,2611,11,2,ДПI У ПОДIЛЬСЬКОМУ Р-НI М.КИЇВ,ПОДIЛЬСЬКИЙ Р-Н М.КИЇВ
data_ti_sprsti_727,2612,12,2,ДПI У РАДЯНСЬКОМУ Р-НI М.КИЇВ,РАДЯНСЬКИЙ Р-Н М.КИЇВ
data_ti_sprsti_728,2613,13,2,ДПI У ХАРКIВСЬКОМУ Р-НI М.КИЇВ,ХАРКIВСЬКИЙ Р-Н М. КИЇВ
data_ti_sprsti_729,2614,14,2,ДПI У ШЕВЧЕНКIВСЬКОМУ Р-НI М.КИЇВ,ШЕВЧЕНКIВСЬКИЙ Р-Н М.КИЇВ
data_ti_sprsti_730,2615,15,1,ГУ ДФС У М.КИЄВI,М.КИЇВ
data_ti_sprsti_731,2602,2,2,ДПI У ДАРНИЦЬКОМУ Р-НI М.КИЇВ,ДАРНИЦЬКИЙ Р-Н М.КИЇВ
data_ti_sprsti_732,2603,3,2,ДПI У ДНIПРОВСЬКОМУ Р-НI М.КИЇВ,ДНIПРОВСЬКИЙ Р-Н М.КИЇВ
data_ti_sprsti_733,2604,4,2,ДПI У ЖОВТНЕВОМУ Р-НI М.КИЇВ,ЖОВТНЕВИЙ Р-Н М.КИЇВ
data_ti_sprsti_734,2605,5,2,ДПI У ЗАЛIЗНИЧНОМУ Р-НI М.КИЇВ,ЗАЛIЗНИЧНИЙ Р-Н М.КИЇВ
data_ti_sprsti_735,2650,50,2,ДПI У ГОЛОСIЇВСЬКОМУ РАЙОНI ГУ ДФС У М.КИЄВI,ГОЛОСIЇВСЬКИЙ Р-Н М.КИЄВА
data_ti_sprsti_736,2651,51,2,ДПI У ДАРНИЦЬКОМУ РАЙОНI ГУ ДФС У М.КИЄВI,ДАРНИЦЬКИЙ Р-Н М.КИЄВА
data_ti_sprsti_737,2652,52,2,ДПI У ДЕСНЯНСЬКОМУ РАЙОНI ГУ ДФС У М.КИЄВI,ДЕСНЯНСЬКИЙ Р-Н М.КИЄВА
data_ti_sprsti_738,2653,53,2,ДПI У ДНIПРОВСЬКОМУ РАЙОНI ГУ ДФС У М.КИЄВI,ДНIПРОВСЬКИЙ Р-Н М.КИЄВА
data_ti_sprsti_739,2654,54,2,ДПI В ОБОЛОНСЬКОМУ РАЙОНI ГУ ДФС У М.КИЄВI,ОБОЛОНСЬКИЙ Р-Н М.КИЄВА
data_ti_sprsti_740,2655,55,2,ДПI У ПЕЧЕРСЬКОМУ Р-НI ГУ МIНДОХОДIВ У М.КИЄВI,ПЕЧЕРСЬКИЙ Р-Н М.КИЄВА
data_ti_sprsti_741,2656,56,2,ДПI У ПОДIЛЬСЬКОМУ РАЙОНI ГУ ДФС У М.КИЄВI,ПОДIЛЬСЬКИЙ Р-Н М.КИЄВА
data_ti_sprsti_742,2657,57,2,ДПI У СВЯТОШИНСЬКОМУ Р-НI ГУ МIНДОХОДIВ У М.КИЄВI,СВЯТОШИНСЬКИЙ Р-Н М.КИЄВА
data_ti_sprsti_743,2658,58,2,ДПI У СОЛОМ'ЯНСЬКОМУ РАЙОНI ГУ ДФС У М.КИЄВI,СОЛОМ'ЯНСЬКИЙ Р-Н М.КИЄВА
data_ti_sprsti_744,2659,59,2,ДПI У ШЕВЧЕНКIВСЬКОМУ Р-НI ГУ МIНДОХОДIВ У М.КИЄВI,ШЕВЧЕНКIВСЬКИЙ Р-Н М.КИЄВА
data_ti_sprsti_745,2606,6,2,ДПI У ЛЕНIНГРАДСЬКОМУ Р-НI М.КИЇВ,ЛЕНIНГРАДСЬКИЙ Р-Н М.КИЇВ
data_ti_sprsti_746,2665,65,8,ОКРУЖНА ДПС - ЦО З ОБСЛУГОВУВАННЯ ВПП ДПС,СОЛОМ'ЯНСЬКИЙ Р-Н М.КИЄВА
data_ti_sprsti_747,2607,7,2,ДПI У СТАРОКИЇВСЬКОМУ Р-НI М.КИЇВ,СТАРОКИЇВСЬКИЙ Р-Н М.КИЇВ
data_ti_sprsti_748,2699,70,14,КИЇВСЬКА МIСЬКА МИТНИЦЯ ДФС,СОЛОМ'ЯНСЬКИЙ Р-Н М.КИЄВА
data_ti_sprsti_749,2608,8,2,ДПI У МIНСЬКОМУ Р-НI М.КИЇВ,МIНСЬКИЙ Р-Н М.КИЇВ
data_ti_sprsti_750,2609,9,2,ДПI У МОСКОВСЬКОМУ Р-НI М.КИЇВ,МОСКОВСЬКИЙ Р-Н М.КИЇВ
data_ti_sprsti_751,2648,97,12,УПРАВЛIННЯ ПОДАТКОВОЇ МIЛIЦIЇ У М.КИЄВI,М.КИЇВ
data_ti_sprsti_752,2649,98,10,РУ ДСАТ ДПС УКРАЇНИ У М.КИЄВI,ГОЛОСIЇВСЬКИЙ Р-Н М.КИЄВА
data_ti_sprsti_753,2701,1,1,"ГУ ДФС У ХЕРСОН.ОБЛ.(ВЕЗ КРИМ , М. СЕВАСТОПОЛЬ)",М.СЕВАСТОПОЛЬ
data_ti_sprsti_754,2702,2,2,"ГЕНIЧЕСЬКА ОДПI(ВЕЗ КРИМ, ЛЕНIНСЬКИЙ Р-Н  М.СЕВАСТ.)",ЛЕНIНСЬКИЙ Р-Н М.СЕВАСТОПОЛЬ
data_ti_sprsti_755,2703,3,2,"ГЕНIЧЕСЬКА ОДПI(ВЕЗ КРИМ,  НАХИМIВСЬК.Р-Н М.СЕВАСТ.)",НАХИМIВСЬКИЙ Р-Н М.СЕВАСТОПОЛЯ
data_ti_sprsti_756,2704,4,2,"ГЕНIЧЕСЬКА ОДПI(ВЕЗ КРИМ,  БАЛАКЛАВ.Р-Н  М.СЕВАСТ.)",БАЛАКЛАВСЬКИЙ Р-Н М.СЕВАСТОПОЛЯ
data_ti_sprsti_757,2705,5,2,"ГЕНIЧЕСЬКА ОДПI(ВЕЗ КРИМ, ГАГАРIНСЬК.Р-Н  М.СЕВАСТ.)",ГАГАРIНСЬКИЙ Р-Н М.СЕВАСТОПОЛЬ
data_ti_sprsti_758,2799,70,14,СЕВАСТОПОЛЬСЬКА МИТНИЦЯ МIНДОХОДIВ,ЛЕНIНСЬКИЙ Р-Н М.СЕВАСТОПОЛЯ
data_ti_sprsti_759,2748,97,12,УПРАВЛIННЯ ПОДАТКОВОЇ МIЛIЦIЇ У М.СЕВАСТОПОЛI,М.СЕВАСТОПОЛЬ
data_ti_sprsti_760,2749,98,10,РУ ДЕПАРТАМЕНТУ САТ ДПC УКРАЇНИ В М.СЕВАСТОПОЛ,М.СЕВАСТОПОЛЬ
data_ti_sprsti_761,2800,0,1,МIЖРЕГIОНАЛЬНЕ ГУ МIНДОХОДIВ - ЦО З ОБСЛУГОВУВАННЯ ВП,СОЛОМ'ЯНСЬКИЙ Р-Н М.КИЄВА
data_ti_sprsti_762,2801,1,8,СДПI У М.ДНIПРОПЕТРОВСЬКУ МГУМ,М.ДНIПРОПЕТРОВСЬК
data_ti_sprsti_763,2810,10,8,ЦЕНТРАЛЬНИЙ ОФIС,СОЛОМ'ЯНСЬКИЙ Р-Н М.КИЄВА
data_ti_sprsti_764,2811,11,8,СДПI ВПП В М.СIМФЕРОПОЛI,М.СIМФЕРОПОЛЬ
data_ti_sprsti_765,2802,2,8,СДПI ГМК У М.КРИВОМУ РОЗI ДНIПРОПЕТРОВСЬКОЇ ОБЛ. ДПС,М.КРИВИЙ РIГ
data_ti_sprsti_766,2803,3,8,СДПI З ОВП У М. ДОНЕЦЬКУ МГУМД,М.ДОНЕЦЬК
data_ti_sprsti_767,2804,4,8,СДПI З ОВП У М. ЗАПОРIЖЖI МГУ МIНДОХОДIВ,М.ЗАПОРIЖЖЯ
data_ti_sprsti_768,2805,5,8,СДПI З ОВП У М.ЛУГАНСЬКУ МГУМД,М.ЛУГАНСЬК
data_ti_sprsti_769,2806,6,8,СДПI З ОВП  У М.ЛЬВОВI МГУ МIНДОХОДIВ,М.ЛЬВIВ
data_ti_sprsti_770,2807,7,8,СДПI ВПП У МIС.МИКОЛАЄВI ДПС,М.МИКОЛАЇВ
data_ti_sprsti_771,2899,70,14,ЕНЕРГЕТИЧНА МИТНИЦЯ ДФС,М.КИЇВ
data_ti_sprsti_772,2808,8,8,СДПI З ОВП У М.ОДЕСI МГУМ,М.ОДЕСА
data_ti_sprsti_773,2809,9,8,СДПI  ОВП У М. ХАРКОВI МГУ МIНДОХОДIВ,М.ХАРКIВ
